"","OTU","metaphlan4","gottcha2.speDB.b","kraken2","pangia"
"1","1350",34.8589767527996,54.7282111833799,29.0623254845134,28.6792090284956
"2","1279",10.1607049915875,14.0696458668702,12.2013866069072,12.4624741763381
"3","561",6.69092818363726,3.74907701030911,15.2071560552272,20.1120374895591
"4","1716",5.04718581835813,2.07150325320828,4.14770003178314,5.07028010380586
"5","9605",0,0,13.5640753529814,0
"6","204475",13.3181991394674,0,0,0
"7","unknow.1",0,0,0,10.8522912056307
"8","210425",0.654796398116129,4.58203521243926,0.823344987152069,0.979209227995991
"9","84111",1.1296003565456,3.41006783522123,0.947209458088451,1.24447069465528
"10","29465",3.48224165834405,0.543805772365007,2.09849541837928,0.537812466340884
"11","1501226",0.0116915208999927,1.37414872111327,3.13148344672912,0
"12","542960",0,0,8.97828870226019e-05,3.86535060712449
"13","186794",0,0,0.000215478928854245,3.60138457172315
"14","1649",1.84092103542714,0.176167919298845,1.4038452214854,0
"15","2803850",0.505513279644594,2.10697610493064,0.482205929620991,0
"16","1506553",1.08959073062848,0.384525712670457,0.862849457442014,0.646680131815263
"17","140410",0,0,3.59131548090408e-05,2.94305471700748
"18","572511",2.14662021941189,0,0.757031346797175,0
"19","1375",0.772098271862966,0.796400298472748,0.528372290128012,0.703964387457952
"20","1301",0.75359941633974,0.804329524151865,0.487359467336088,0.671469494890794
"21","292632",0,2.58765411215208,0,0
"22","1769710",1.1768752095494,1.27401790280049,0,0
"23","unknow.2",2.13550869563227,0,0,0
"24","191303",0,1.72075325974641,0.269510270264447,0
"25","3025755",0,1.9882324726553,0,0
"26","unknow.3",1.71309781040912,0,0,0
"27","unknow.4",1.65724510525676,0,0,0
"28","207244",0.667963350287226,0.420555001282587,0.396158010698529,0.0149956719503498
"29","2169654",0,0,0.000269348661067806,1.40380254683025
"30","unknow.5",1.22408901022474,0,0,0
"31","1623299",0,0,0.000197522351449724,1.18350398129587
"32","unknow.6",1.07783815740003,0,0,0
"33","unknow.7",1.01523916995289,0,0,0
"34","1357",0.145894714242033,0.368055180733484,0.23548255608288,0.232825774804392
"35","216851",0,0.0611802360293999,0.917634975103205,0
"36","unknow.8",0.924606988354777,0,0,0
"37","13075",0.295391515863176,0.616865935990839,0,0
"38","570",0.119245372869465,0.00417327667321964,0.437583834770757,0.332243535286871
"39","946234",0.0493811583356525,0.273794771607696,0.320453080361071,0.176728334050136
"40","1485",0.0950584754114291,0.202515206029105,0.359957550651016,0.133638509761932
"41","unknow.9",0,0,0,0.682526099972249
"42","286",0,0,0.627815815794246,0
"43","unknow.10",0.581167289993981,0,0,0
"44","unknow.11",0.575235038745334,0,0,0
"45","unknow.12",0.511323426236323,0,0,0
"46","1243",0.101764056153897,0.086692867425016,0.12747374299469,0.188999916608958
"47","160674",0.104012816918821,0.0858025684013958,0.302316937182505,0
"48","2717089",0,0.237209046105804,0.249129554910316,0
"49","1883",0,0,0.481002838934888,0
"50","508215",0,0.238961822308556,0.223900563656965,0
"51","1918454",0,0.134546439944601,0.276908380155109,0
"52","2719231",0,0,0.396427359359597,0
"53","unknow.13",0,0,0,0.39443663844909
"54","unknow.14",0.371778154154077,0,0,0
"55","1623283",0,0,0.322302607833736,0
"56","unknow.15",0.308853554288494,0,0,0
"57","1578",0,0,0.0334531037046215,0.266091031348861
"58","1980693",0.295818882162392,0,0,0
"59","469",0.0580404135888238,0.0187797450294884,0.14077956685144,0.0683511829715262
"60","1017280",0.284859989203913,0,0,0
"61","2591381",0.0721638522391196,0.134685549167042,0.0632969353509344,0
"62","1905344",0.0243090021149544,0.0793479004801494,0.16024449675794,0
"63","unknow.16",0,0,0,0.259415238208254
"64","1870884",0,0.0217010387007421,0.202209018152304,0.0348850038673883
"65","2316020",0.00274735478067714,0,0.243724625111555,0
"66","841",0,0,0.119411239740061,0.115773842577878
"67","55087",0,8.34655334643928e-05,0.175381891509951,0.0454718763983719
"68","unknow.17",0.215575771790466,0,0,0
"69","1924110",0.213622097279763,0,0,0
"70","644652",0.0380864775706465,0.0636563801888436,0.0949543813151038,0.0102276820481524
"71","2719313",0,0.0795148315470782,0.123882427513786,0
"72","1623274",0,0,0,0.202671759418397
"73","544",0,0.00122416115747776,0.18777192991907,0.0122029903645203
"74","unknow.18",0.20077058213904,0,0,0
"75","990721",0,0,0.0737656199777698,0.123406509301995
"76","unknow.19",0,0,0,0.185437514646946
"77","unknow.20",0,0,0,0.18274617073953
"78","963",0.024074968189193,0.0593161724486951,0.0868380083282606,0.0111125522487411
"79","117563",0.120140807020204,0.0595943908935764,0,0
"80","186765",0,0,0,0.174359078364198
"81","unknow.21",0,0,0,0.169401035037409
"82","1742989",0.020910422497376,0.0660768806593109,0.0680733849405368,0.0119322194896835
"83","4930",0.16552303784176,0,0,0
"84","1730",0,0.0433186118680199,0.121332593522344,0
"85","590",0,0,0.129790141479873,0.0300096761021991
"86","46255",0.0171658796851938,0.0441810890471519,0.0534926440880662,0.0434460054473651
"87","44249",0,0,0.146507715043482,0
"88","1573534",0,0,0.137619209228244,0
"89","33042",0,0,0.124403168258517,0
"90","620",0,0,0.120668200158377,0
"91","51668",0,0,0.0156401789193373,0.104006752585224
"92","547",0,0,0.115496705865875,0.00280277705704614
"93","459786",0,0,0.112875045564815,0
"94","2169643",0,0,0.000143652619236163,0.11042637249562
"95","444888",0,0.00943160528147638,0.0253008175629692,0.0745854667687725
"96","unknow.22",0.107034907177566,0,0,0
"97","unknow.23",0.0936033949164779,0,0,0
"98","unknow.24",0.0929826962438064,0,0,0
"99","69965",0.015507291428711,0.00130762669094215,0.0675346876184012,0.00736394916936903
"100","1263",0.0406913769182514,0,0.046723014406562,0
"101","unknow.25",0,0,0,0.0859286341888773
"102","1623298",0,0,0.00150835250197971,0.0836969139866791
"103","1392389",0,0,0.0721136148565539,0.0130280745715845
"104","unknow.26",0.0850967704844553,0,0,0
"105","61170",0.082451169584544,0,0,0
"106","1849828",0,0,0.0792423760861485,0
"107","2732589",0,0,0.0775185446553145,0
"108","unknow.27",0.0727031478071785,0,0,0
"109","57493",0.0116915208999927,0.00645466792124637,0.0399533847250579,0.0119557037511095
"110","1918385",0,0,0.0698331295261798,0
"111","2767887",0,0,0.0674987744635921,0
"112","33882",0,0,0.0672832955347379,0
"113","1678",0,0,0.0669959902962656,0
"114","unknow.28",0.0667098442300716,0,0,0
"115","228398",0,0,0.0630096301124621,0
"116","unknow.29",0,0,0,0.0629315999417803
"117","unknow.30",0.0620800426552268,0,0,0
"118","1849822",0,0,0.0592028357027037,0
"119","2892397",0,0.0587597355589325,0,0
"120","1649459",0,0,0.0547316479289781,0
"121","662",0,0,0.052002248163491,0
"122","1981159",0,0,0,0.0519558210123775
"123","2721119",0.051925005354798,0,0,0
"124","2721106",0.0474173084368722,0,0,0
"125","1843210",0,0,0.0471180591094615,0
"126","204037",0,0,0.0456097066074818,0
"127","338",0,0,0.0419106516621506,0
"128","2569097",0,0,0.0414617372270376,0
"129","1763",0,0,0.0401868202313166,0
"130","unknow.31",0,0,0,0.0394285268595756
"131","133925",0,0,0.0374574204658295,0
"132","unknow.32",0,0,0,0.0374106827499676
"133","1866885",0,0,0.0368648534114804,0
"134","830",0,0,0.0367212007922442,0
"135","374",0,0,0.0348357601647696,0
"136","2749267",0,0,0.0346382378133198,0
"137","848",0,0,0.0342791062652294,0
"138","1873",0,0,0.0323936656377548,0
"139","2172004",0,0.0323568051396963,0,0
"140","244127",0,0.0318281900944218,0,0
"141","872",0,0,0.0318190551608101,0
"142","194",0,0,0.0311007920646293,0
"143","157",0,0,0.0310469223324158,0
"144","1663",0,0,0.0308314434035615,0
"145","1654",0,0,0.0307416605165389,0
"146","1330547",0,0,0.0306877907843253,0
"147","1637",0,0.000862477179132059,0.0282636528347151,0
"148","2893057",0,0.0284895687558461,0,0
"149","83654",0,0,0.0283175225669287,0
"150","52784",0.028287578852898,0,0,0
"151","2743582",0,0,0.027706998935175,0
"152","186789",0,0,0,0.0275187879024983
"153","1738645",0,0,0.0269528226841851,0
"154","1839",0,0,0.026845083219758,0
"155","379",0,0,0.0257856451528913,0
"156","237",0,0,0.025498339914419,0
"157","2745",0,0,0.0253367307177783,0
"158","1269",0,0.000222574755905047,0.012731213379805,0.0122539173202244
"159","2747",0,0,0.0177231418982616,0.00739598445821591
"160","59732",0,0,0.0249416860148788,0
"161","1661425",0,0,0.024636424199002,0
"162","32008",0,0,0.0245286847345749,0
"163","2737",0,0,0.0243850321153387,0
"164","1129",0,0,0.024223422918698,0
"165","482",0,0.0064824897657345,0.0174537932371938,0
"166","43668",0,0.00940378343698825,0.0145089145428525,0
"167","106589",0,0,0.0236308558643488,0
"168","1817",0,0,0.0235769861321353,0
"169","1470540",0,0,0.0233974203580901,0
"170","1298",0,0,0.0227509835715273,0
"171","unknow.33",0,0,0,0.0225377649503292
"172","2093",0,0,0.0225175480652686,0
"173","68287",0,0,0.0224098086008414,0
"174","unknow.34",0,0,0,0.0221067827737296
"175","642",0,0,0.0218172415464923,0
"176","186777",0,0,0,0.0214375127200277
"177","773",0,0.0148012212676857,0.0063386718237957,0
"178","2944198",0,0.0210054925885388,0,0
"179","2985502",0,0,0.0209194126762663,0
"180","12916",0,0,0.020703933747412,0
"181","2675234",0,0,0.0205782377055804,0
"182","970",0,0,0.0203627587767261,0
"183","40323",0,0,0.0200395403834448,0
"184","1981157",0,0,0,0.0196424996367344
"185","13687",0,0,0.0192494509776459,0
"186","37914",0,0,0.0191596680906233,0
"187","unknow.35",0,0,0,0.0185629810320688
"188","816",0,0,0.018495274726656,0
"189","28231",0,0,0.0184773181492515,0
"190","86331",0.0139301062768408,0,0.00441731804151202,0
"191","1813",0,0,0.0177231418982616,0
"192","89966",0,0,0.0175435761242164,0
"193","59734",0,0.00795704752360544,0.00942720313737321,0
"194","400634",0,0,0.0171664879987215,0
"195","906",0,0,0.0170946616891034,0
"196","904",0,0,0.0170407919568898,0
"197","22",0,0,0.0168971393376537,0
"198","unknow.36",0,0,0,0.0167749043790293
"199","2720807",0.0164637779079097,0,0,0
"200","34072",0,0,0.0163404854381136,0
"201","1981158",0,0,0,0.0162918068127824
"202","253238",0,0,0.0161788762414729,0
"203","2132",0,0,0.0160352236222367,0
"204","191",0,0,0.0159095275804051,0
"205","2078948",0,0,0.0156940486515508,0
"206","407",0,0,0.0156760920741463,0
"207","102106",0,0,0.0152990039486514,0
"208","53246",0,0,0.0152630907938423,0
"209","2800373",0,0,0.0151373947520107,0
"210","2721121",0.0148865927560395,0,0,0
"211","149698",0,0,0.0147962197813248,0
"212","283",0,0,0.0146166540072796,0
"213","413496",0,0,0.0145807408524706,0
"214","28050",0,0,0.014077956685144,0
"215","517",0,0,0.0140600001077395,0
"216","2034",0,0,0.0138804343336943,0
"217","249411",0,0,0.0137726948692671,0
"218","1696",0,0,0.0137547382918626,0
"219","52959",0,0,0.0136829119822445,0
"220","unknow.37",0,0,0,0.0136079299639206
"221","40929",0,0,0.0133596935889632,0
"222","579",0,0,0.0131980843923225,0
"223","53335",0,0,0.0130364751956818,0
"224","2742598",0,0,0.0129466923086592,0
"225","222",0,0,0.0126773436475914,0
"226","158483",0,0,0.0126234739153778,0
"227","55080",0,0,0.0125875607605688,0
"228","1822464",0,0,0.0125696041831643,0
"229","1647",0,0,0.0124618647187371,0
"230","79255",0,0,0.0120488634384332,0
"231","586",0,0,0.011905210819197,0
"232","28453",0,0,0.011869297664388,0
"233","1742993",0,0,0.0114383398066795,0
"234","2767358",0,0,0.0113844700744659,0
"235","165695",0,0,0.0113485569196569,0
"236","32067",0,0,0.0112049043004207,0
"237","84406",0,0,0.0110612516811846,0
"238","2082587",0,0,0.0109175990619484,0
"239","46073",0,0,0.0108816859071394,0
"240","80865",0,0,0.0107559898653077,0
"241","1865",0,0,0.0107380332879032,0
"242","838",0,0,0.0107380332879032,0
"243","2817139",0,0,0.0106482504008806,0
"244","445",0,0,0.0106482504008806,0
"245","41275",0,0,0.010594380668667,0
"246","1847",0,0,0.0105764240912625,0
"247","68",0,0,0.0105225543590489,0
"248","1707",0,0,0.0105045977816444,0
"249","unknow.38",0.0103788958381137,0,0,0
"250","2035811",0,0,0.0103250320075992,0
"251","1177",0,0,0.0100915965013405,0
"252","46205",0,0,0.00992998730469978,0
"253","1330546",0,0,0.00894237554745115,0.000971529735378682
"254","36853",0,0,0.00987611757248621,0
"255","35829",0,0,0.00976837810805909,0
"256","535",0,0,0.00967859522103649,0
"257","unknow.39",0,0,0,0.00965443522638445
"258","2060094",0,0,0.00964268206622745,0
"259","447020",0,0,0.00964268206622745,0
"260","unknow.40",0,0,0,0.00960944464809605
"261","1569",0,0,0.00955289917920485,0
"262","2321111",0,0,0.0095169860243958,0
"263","239759",0,0,0.0095169860243958,0
"264","1164882",0,0,0.00939128998256416,0
"265","2767879",0,0,0.00935537682775512,0
"266","2039240",0,0,0.00928355051813704,0
"267","165779",0,0,0.00569223503723296,0.00341221498066667
"268","28196",0,0,0.00910398474409184,0
"269","129337",0,0,0.00901420185706923,0
"270","308911",0,0,0,0.00885706109367815
"271","47420",0,0,0.00865507030897883,0
"272","34098",0,0,0.00863711373157431,0
"273","1918538",0,0,0.00854733084455171,0
"274","1663717",0,0,0.00852937426714718,0
"275","357",0,0,0.00851141768974266,0
"276","84567",0,0,0.00838572164791102,0
"277","2767842",0,0,0.00822411245127034,0
"278","44000",0,0,0.00822411245127034,0
"279","209",0,0,0.00811637298684321,0
"280","1988",0,0,0.00800863352241609,0
"281","2147",0,0,0.00799067694501157,0
"282","84108",0,0,0.00795476379020253,0
"283","1854",0,0,0.00793680721279801,0
"284","107",0,0,0.00791885063539349,0
"285","unknow.41",0,0,0,0.00789649600533331
"286","72763",0,0,0.00786498090317993,0
"287","2767885",0,0,0.00781111117096637,0
"288","79206",0,0,0.00773928486134829,0
"289","28065",0,0,0.00773928486134829,0
"290","75",0,0,0.00772132828394377,0
"291","551",0,0,0.00770337170653925,0
"292","2742",0,0,0.00770337170653925,0
"293","unknow.42",0.00763154105743651,0,0,0
"294","1330545",0,0,0.00761358881951664,0
"295","1253",0,0,0.00759563224211212,0
"296","423349",0,0,0.0075776756647076,0
"297","2063",0,0,0.00755971908730308,0
"298","2207",0,0,0.00754176250989856,0
"299","329857",0,0,0.00745197962287596,0
"300","262",0,0,0.00729037042623528,0
"301","239934",0,0,0.0072185441166172,0
"302","745",0,0.00105723009054898,0.00614114947234597,0
"303","73918",0,0,0.00718263096180816,0
"304","122277",0,0,0.00716467438440363,0
"305","2675229",0,0,0.00716467438440363,0
"306","unknow.43",0.00715329781783715,0,0,0
"307","270",0,0,0.00712876122959459,0
"308","unknow.44",0,0,0.00712876122959459,0
"309","83681",0,0,0.00698510861035843,0
"310","48736",0,0,0.00694919545554939,0
"311","42255",0,0,0.00689532572333583,0
"312","1378",0,0,0.00687736914593131,0
"313","33886",0,0,0.00685941256852679,0
"314","1562",0,0,0.00685941256852679,0
"315","unknow.45",0,0,0.00684145599112227,0
"316","28895",0,0,0.00680554283631323,0
"317","698776",0,0,0.00675167310409967,0
"318","2013",0,0,0.00671575994929063,0
"319","47",0,0,0.00671575994929063,0
"320","1729679",0,0,0.00671575994929063,0
"321","1276290",0,0,0.0066978033718861,0
"322","33986",0,0,0.00666189021707706,0
"323","1016",0,0,0.00664393363967254,0
"324","29521",0,0,0.00659006390745898,0
"325","33024",0,0,0.00655415075264994,0
"326","39643",0,0,0.00646436786562734,0
"327","2759736",0,0,0.00641049813341378,0
"328","648800",0,0,0.00639254155600926,0
"329","2679910",0,0,0.00639254155600926,0
"330","1186",0,0,0.00637458497860474,0
"331","724",0,0,0.00635662840120022,0
"332","55968",0,0,0.00635662840120022,0
"333","33877",0,0,0.0063386718237957,0
"334","226",0,0,0.0062488889367731,0
"335","unknow.46",0,0,0,0.0061423077596267
"336","32",0,0,0.00614114947234597,0
"337","182709",0,0,0.00614114947234597,0
"338","158876",0,0,0.00612319289494145,0
"339","104267",0,0,0.00608727974013241,0
"340","2299",0,0,0.00606932316272789,0
"341","2321114",0,0,0.00594362712089625,0
"342","46913",0,0,0.00594362712089625,0
"343","12960",0,0,0.00592567054349173,0
"344","125216",0,0,0.00590771396608721,0
"345","29404",0,0,0.00583588765646913,0
"346","175304",0,0,0.00579997450166009,0
"347","2767886",0,0,0.00571019161463748,0
"348","165697",0,0,0.00569223503723296,0
"349","28105",0,0,0.00565632188242392,0
"350","2560124",0,0,0.000664393363967254,0.00497674959559653
"351","169215",0,0,0.0056383653050194,0
"352","60136",0,0,0.00560245215021036,0
"353","110932",0,0,0.00556653899540132,0
"354","1218",0,0,0.0055485824179968,0
"355","150247",0,0,0.00553062584059228,0
"356","1637257",0,0,0.00549471268578324,0
"357","114627",0,0,0.00547675610837872,0
"358","48073",0,0,0.00542288637616516,0
"359","29580",0,0,0.00540492979876064,0
"360","93217",0,0,0.00531514691173804,0
"361","2675233",0,0,0.00529719033433351,0
"362","82976",0,0,0.00527923375692899,0
"363","434",0,0,0.00527923375692899,0
"364","1649453",0,0,0.00526127717952447,0
"365","2071",0,0,0.00522536402471543,0
"366","33951",0,0,0.00520740744731091,0
"367","59739",0,0,0.00511762456028831,0
"368","1754",0,0,0.00504579825067023,0
"369","79328",0,0,0.00500988509586119,0
"370","171",0,0,0.00492010220883859,0
"371","1851",0,0,0.00490214563143407,0
"372","1508657",0,0,0.00488418905402955,0
"373","1434011",0,0,0.00488418905402955,0
"374","59753",0,0,0.00484827589922051,0
"375","2678885",0,0,0.00479440616700694,0
"376","13134",0,0,0.00477644958960242,0
"377","2529408",0,0,0.0047584930121979,0
"378","2055880",0,0,0.00474053643479338,0
"379","158846",0,0,0.00472257985738886,0
"380","896",0,0,0.00470462327998434,0
"381","150022",0,0,0.00470462327998434,0
"382","132406",0,0,0.00468666670257982,0
"383","1835",0,0,0.00468666670257982,0
"384","308865",0,0,0.0046687101251753,0
"385","1069494",0,0,0.0046687101251753,0
"386","478070",0,0,0.00459688381555722,0
"387","28228",0,0,0.00459688381555722,0
"388","1041",0,0,0.00456097066074818,0
"389","2767889",0,0,0.00454301408334366,0
"390","2172",0,0,0.00454301408334366,0
"391","2040",0,0,0.00454301408334366,0
"392","1912215",0,0,0.00450710092853462,0
"393","unknow.47",0,0,0,0.00449693343542999
"394","2039302",0,0,0.00447118777372558,0
"395","1505664",0,0,0.00441731804151202,0
"396","447792",0,0,0.00441731804151202,0
"397","1903434",0,0,0.0043993614641075,0
"398","186831",0,0,0.0043993614641075,0
"399","196082",0,0,0.00436344830929845,0
"400","390846",0,0,0.00436344830929845,0
"401","909656",0,0,0.00430957857708489,0
"402","2733",0,0,0.00430957857708489,0
"403","1434006",0,0,0.00429162199968037,0
"404","53460",0,0,0.00429162199968037,0
"405","165696",0,0,0.00423775226746681,0
"406","202746",0,0,0.00423775226746681,0
"407","626119",0,0,0.00421979569006229,0
"408","2815775",0,0,0.00418388253525325,0
"409","1266",0,0,0.00411205622563517,0
"410","2304693",0,0,0.00411205622563517,0
"411","1848399",0,0,0.00411205622563517,0
"412","670516",0,0,0.00411205622563517,0
"413","1912216",0,0,0.00407614307082613,0
"414","286104",0,0,0.00405818649342161,0
"415","2697",0,0,0.00405818649342161,0
"416","29393",0,0,0.00405818649342161,0
"417","161492",0,0,0.00400431676120805,0
"418","29330",0,0,0.00398636018380353,0
"419","365348",0,0,0.00396840360639901,0
"420","108061",0,0,0.00395044702899449,0
"421","475",0,0,0.00395044702899449,0
"422","2815296",0,0,0.00389657729678092,0
"423","508459",0,0,0.0038786207193764,0
"424","290174",0,0,0.00384270756456736,0
"425","2263",0,0,0.00384270756456736,0
"426","399320",0,0,0.00382475098716284,0
"427","234",0,0,0.00382475098716284,0
"428","2675232",0,0,0.0037888378323538,0
"429","83461",0,0,0.00377088125494928,0
"430","231454",0,0,0.00373496810014024,0
"431","2000",0,0,0.00371701152273572,0
"432","507",0,0,0.00371701152273572,0
"433","33071",0,0,0.00368109836792668,0
"434","2767893",0,0,0.00366314179052216,0
"435","167375",0,0,0.00364518521311764,0
"436","2812025",0,0,0.00364518521311764,0
"437","363408",0,0,0.0036092720583086,0
"438","1335483",0,0,0.00359131548090408,0
"439","281472",0,0,0.00357335890349956,0
"440","41273",0,0,0.00357335890349956,0
"441","2755",0,0,0.00357335890349956,0
"442","1653176",0,0,0.00355540232609504,0
"443","1743",0,0,0.00353744574869052,0
"444","323449",0,0,0.00353744574869052,0
"445","65551",0,0,0.00353744574869052,0
"446","162289",0,0,0.00350153259388148,0
"447","44260",0,0,0.00350153259388148,0
"448","138",0,0,0.00348357601647696,0
"449","106591",0,0,0.00348357601647696,0
"450","416",0,0,0.00348357601647696,0
"451","51514",0,0,0.00344766286166791,0
"452","118",0,0,0.00344766286166791,0
"453","49082",0,0,0.00344766286166791,0
"454","497",0,0,0.00342970628426339,0
"455","235888",0,0,0.00342970628426339,0
"456","40566",0,0,0.00342970628426339,0
"457","106633",0,0,0.00335787997464531,0
"458","2675230",0,0,0.00333992339724079,0
"459","2782231",0,0,0.00333992339724079,0
"460","543311",0,0,0.00333992339724079,0
"461","2603323",0,0,0.00333992339724079,0
"462","unknow.48",0.00332735190104232,0,0,0
"463","2726810",0,0,0.00332196681983627,0
"464","390805",0,0,0.00330401024243175,0
"465","186650",0,0,0.00330401024243175,0
"466","190323",0,0,0.00330401024243175,0
"467","227388",0,0,0.00328605366502723,0
"468","375288",0,0,0.00328605366502723,0
"469","2794837",0,0,0.00326809708762271,0
"470","907364",0,0,0.00326809708762271,0
"471","44013",0,0,0.00325014051021819,0
"472","171003",0,0,0.00323218393281367,0
"473","2675231",0,0,0.00323218393281367,0
"474","83614",0,0,0.00321422735540915,0
"475","44258",0,0,0.00319627077800463,0
"476","673534",0,0,0.00317831420060011,0
"477","2685905",0,0,0.00316035762319559,0
"478","274470",0,0,0.00314240104579107,0
"479","69578",0,0,0.00314240104579107,0
"480","2767888",0,0,0.00314240104579107,0
"481","56112",0,0,0.00312444446838655,0
"482","76831",0,0,0.00312444446838655,0
"483","45667",0,0,0.00312444446838655,0
"484","1060",0,0,0.00310648789098203,0
"485","61434",0,0,0.00310648789098203,0
"486","780",0,0,0.00308853131357751,0
"487","2732160",0,0,0.00308853131357751,0
"488","33057",0,0,0.00307057473617299,0
"489","2304691",0,0,0.00307057473617299,0
"490","2066135",0,0,0.00303466158136395,0
"491","39948",0,0,0.00301670500395943,0
"492","125287",0,0,0.00301670500395943,0
"493","47251",0,0,0.0029987484265549,0
"494","953",0,0,0.00298079184915038,0
"495","2184",0,0,0.00296283527174586,0
"496","1073",0,0,0.00294487869434134,0
"497","1573",0,0,0.00292692211693682,0
"498","2100764",0,0,0.0029089655395323,0
"499","1769012",0,0,0.0029089655395323,0
"500","361177",0,0,0.0029089655395323,0
"501","2335",0,0,0.0029089655395323,0
"502","104264",0,0,0.0029089655395323,0
"503","1769729",0,0,0.0029089655395323,0
"504","71655",0,0,0.0029089655395323,0
"505","154116",0,0,0.0029089655395323,0
"506","958",0,0,0.00289100896212778,0
"507","146937",0,0,0.00289100896212778,0
"508","252356",0,0,0.00289100896212778,0
"509","1091",0,0,0.00287305238472326,0
"510","713",0,0,0.00287305238472326,0
"511","482460",0,0,0.00287305238472326,0
"512","2060",0,0,0.00285509580731874,0
"513","2767890",0,0,0.00283713922991422,0
"514","190972",0,0,0.00283713922991422,0
"515","1161127",0,0,0.00283713922991422,0
"516","414878",0,0,0.00283713922991422,0
"517","626",0,0,0.0028191826525097,0
"518","810",0,0,0.0028191826525097,0
"519","432330",0,0,0.0028191826525097,0
"520","2767881",0,0,0.00280122607510518,0
"521","893",0,0,0.00280122607510518,0
"522","291183",0,0,0.00280122607510518,0
"523","1274351",0,0,0.00280122607510518,0
"524","302485",0,0,0.00278326949770066,0
"525","52972",0,0,0.00278326949770066,0
"526","669357",0,0,0.00278326949770066,0
"527","1329200",0,0,0.00278326949770066,0
"528","265976",0,0,0.00276531292029614,0
"529","57665",0,0,0.00276531292029614,0
"530","76632",0,0,0.00274735634289162,0
"531","1129704",0,0,0.00274735634289162,0
"532","65496",0,0,0.0027293997654871,0
"533","46123",0,0,0.0027293997654871,0
"534","157920",0,0,0.0027293997654871,0
"535","53392",0,0,0.00271144318808258,0
"536","119977",0,0,0.00271144318808258,0
"537","293088",0,0,0.00269348661067806,0
"538","2767876",0,0,0.00269348661067806,0
"539","2330",0,0,0.00267553003327354,0
"540","1445919",0,0,0.00265757345586902,0
"541","75984",0,0,0.00265757345586902,0
"542","34037",0,0,0.00265757345586902,0
"543","1632780",0,0,0.00265757345586902,0
"544","81411",0,0,0.00265757345586902,0
"545","1676651",0,0,0.0026396168784645,0
"546","45654",0,0,0.0026396168784645,0
"547","55079",0,0,0.0026396168784645,0
"548","2282740",0,0,0.00262166030105998,0
"549","160795",0,0,0.00262166030105998,0
"550","1354809",0,0,0.00262166030105998,0
"551","2321115",0,0,0.00262166030105998,0
"552","46239",0,0,0.00262166030105998,0
"553","74030",0,0,0.00260370372365546,0
"554","256319",0,0,0.00258574714625094,0
"555","224458",0,0,0.00256779056884642,0
"556","28253",0,0,0.0025498339914419,0
"557","83618",0,0,0.0025498339914419,0
"558","323620",0,0,0.00253187741403737,0
"559","1278221",0,0,0.00251392083663285,0
"560","225842",0,0,0.00251392083663285,0
"561","74385",0,0,0.00249596425922833,0
"562","51196",0,0,0.00247800768182381,0
"563","2689587",0,0,0.00246005110441929,0
"564","263377",0,0,0.00246005110441929,0
"565","162027",0,0,0.00246005110441929,0
"566","908623",0,0,0.00246005110441929,0
"567","64895",0,0,0.00244209452701477,0
"568","261827",0,0,0.00244209452701477,0
"569","191494",0,0,0.00244209452701477,0
"570","1081",0,0,0.00244209452701477,0
"571","146",0,0,0.00242413794961025,0
"572","10",0,0,0.00242413794961025,0
"573","940557",0,0,0.00242413794961025,0
"574","2735",0,0,0.00240618137220573,0
"575","191769",0,0,0.00240618137220573,0
"576","79603",0,0,0.00238822479480121,0
"577","113",0,0,0.00238822479480121,0
"578","289201",0,0,0.00238822479480121,0
"579","79598",0,0,0.00235231163999217,0
"580","202907",0,0,0.00233435506258765,0
"581","75309",0,0,0.00233435506258765,0
"582","914",0,0,0.00233435506258765,0
"583","2807415",0,0,0.00233435506258765,0
"584","29548",0,0,0.00233435506258765,0
"585","50",0,0,0.00231639848518313,0
"586","338191",0,0,0.00231639848518313,0
"587","413",0,0,0.00229844190777861,0
"588","657",0,0,0.00229844190777861,0
"589","943",0,0,0.00229844190777861,0
"590","392733",0,0,0.00228048533037409,0
"591","2767891",0,0,0.00228048533037409,0
"592","2680020",0,0,0.00226252875296957,0
"593","2804231",0,0,0.00224457217556505,0
"594","53457",0,0,0.00222661559816053,0
"595","227979",0,0,0.00220865902075601,0
"596","32068",0,0,0.00219070244335149,0
"597","32012",0,0,0.00219070244335149,0
"598","704093",0,0,0.00219070244335149,0
"599","212743",0,0,0.00219070244335149,0
"600","198251",0,0,0.00217274586594697,0
"601","146918",0,0,0.00217274586594697,0
"602","227873",0,0,0.00215478928854245,0
"603","1481960",0,0,0.00215478928854245,0
"604","173479",0,0,0.00215478928854245,0
"605","832",0,0,0.00215478928854245,0
"606","182639",0,0,0.00213683271113793,0
"607","496496",0,0,0.00213683271113793,0
"608","414371",0,0,0.00213683271113793,0
"609","1234",0,0,0.00213683271113793,0
"610","44",0,0,0.00213683271113793,0
"611","269258",0,0,0.00211887613373341,0
"612","407217",0,0,0.00211887613373341,0
"613","2284",0,0,0.00211887613373341,0
"614","1111",0,0,0.00211887613373341,0
"615","33969",0,0,0.00210091955632889,0
"616","28263",0,0,0.00210091955632889,0
"617","2316",0,0,0.00210091955632889,0
"618","174951",0,0,0.00208296297892437,0
"619","83770",0,0,0.00208296297892437,0
"620","2682228",0,0,0.00208296297892437,0
"621","196118",0,0,0.00208296297892437,0
"622","191028",0,0,0.00208296297892437,0
"623","574697",0,0,0.00208296297892437,0
"624","2794998",0,0,0.00206500640151984,0
"625","46254",0,0,0.00206500640151984,0
"626","1525371",0,0,0.00204704982411532,0
"627","1740",0,0,0.00204704982411532,0
"628","1335745",0,0,0.00204704982411532,0
"629","2289",0,0,0.00204704982411532,0
"630","76634",0,0,0.00204704982411532,0
"631","2282523",0,0,0.00204704982411532,0
"632","34008",0,0,0.0020290932467108,0
"633","456492",0,0,0.0020290932467108,0
"634","1051",0,0,0.00201113666930628,0
"635","36739",0,0,0.00199318009190176,0
"636","203133",0,0,0.00199318009190176,0
"637","75654",0,0,0.00197522351449724,0
"638","1543705",0,0,0.00195726693709272,0
"639","2689589",0,0,0.00195726693709272,0
"640","195950",0,0,0.00195726693709272,0
"641","875170",0,0,0.00195726693709272,0
"642","2767353",0,0,0.00195726693709272,0
"643","2050",0,0,0.0019393103596882,0
"644","1769008",0,0,0.0019393103596882,0
"645","42",0,0,0.0019393103596882,0
"646","252965",0,0,0.0019393103596882,0
"647","1742992",0,0,0.00192135378228368,0
"648","898",0,0,0.00192135378228368,0
"649","168934",0,0,0.00190339720487916,0
"650","1616789",0,0,0.00190339720487916,0
"651","1085622",0,0,0.00190339720487916,0
"652","99",0,0,0.00190339720487916,0
"653","1073531",0,0,0.00188544062747464,0
"654","2029",0,0,0.00188544062747464,0
"655","153265",0,0,0.00186748405007012,0
"656","2651279",0,0,0.00186748405007012,0
"657","622681",0,0,0.00186748405007012,0
"658","1227",0,0,0.00186748405007012,0
"659","120831",0,0,0.00186748405007012,0
"660","890",0,0,0.00186748405007012,0
"661","42417",0,0,0.00186748405007012,0
"662","364409",0,0,0.00186748405007012,0
"663","unknow.49",0,0,0.00186748405007012,0
"664","861914",0,0,0.0018495274726656,0
"665","60919",0,0,0.0018495274726656,0
"666","2039723",0,0,0.0018495274726656,0
"667","33981",0,0,0.0018495274726656,0
"668","219181",0,0,0.0018495274726656,0
"669","651660",0,0,0.00183157089526108,0
"670","2375",0,0,0.00183157089526108,0
"671","674734",0,0,0.00183157089526108,0
"672","56688",0,0,0.00183157089526108,0
"673","203804",0,0,0.00183157089526108,0
"674","335405",0,0,0.00183157089526108,0
"675","347533",0,0,0.00181361431785656,0
"676","551759",0,0,0.00179565774045204,0
"677","2019",0,0,0.00179565774045204,0
"678","429014",0,0,0.00177770116304752,0
"679","238749",0,0,0.00177770116304752,0
"680","1649470",0,0,0.00177770116304752,0
"681","29487",0,0,0.00177770116304752,0
"682","167639",0,0,0.00177770116304752,0
"683","367298",0,0,0.00177770116304752,0
"684","46352",0,0,0.001759744585643,0
"685","1765964",0,0,0.001759744585643,0
"686","28209",0,0,0.001759744585643,0
"687","141948",0,0,0.001759744585643,0
"688","1955413",0,0,0.001759744585643,0
"689","666508",0,0,0.001759744585643,0
"690","1221880",0,0,0.00174178800823848,0
"691","1101",0,0,0.00174178800823848,0
"692","105",0,0,0.00174178800823848,0
"693","499228",0,0,0.00172383143083396,0
"694","1137960",0,0,0.00172383143083396,0
"695","2023",0,0,0.00170587485342944,0
"696","152053",0,0,0.00170587485342944,0
"697","2773294",0,0,0.00170587485342944,0
"698","1379908",0,0,0.00170587485342944,0
"699","212790",0,0,0.00170587485342944,0
"700","311181",0,0,0.00168791827602492,0
"701","2692417",0,0,0.00168791827602492,0
"702","47670",0,0,0.00168791827602492,0
"703","1679002",0,0,0.00168791827602492,0
"704","178898",0,0,0.00168791827602492,0
"705","1511635",0,0,0.0016699616986204,0
"706","204447",0,0,0.0016699616986204,0
"707","379899",0,0,0.00165200512121588,0
"708","1779136",0,0,0.00165200512121588,0
"709","290180",0,0,0.00165200512121588,0
"710","2774146",0,0,0.00163404854381136,0
"711","390988",0,0,0.00163404854381136,0
"712","2160",0,0,0.00163404854381136,0
"713","1158",0,0,0.00163404854381136,0
"714","1911556",0,0,0.00163404854381136,0
"715","1434046",0,0,0.00161609196640684,0
"716","416916",0,0,0.00161609196640684,0
"717","146825",0,0,0.00161609196640684,0
"718","670486",0,0,0.00161609196640684,0
"719","1918540",0,0,0.00161609196640684,0
"720","245876",0,0,0.00161609196640684,0
"721","2714737",0,0,0.00161609196640684,0
"722","1649478",0,0,0.00161609196640684,0
"723","104204",0,0,0.00161609196640684,0
"724","518753",0,0,0.00159813538900231,0
"725","568",0,0,0.00159813538900231,0
"726","18",0,0,0.00159813538900231,0
"727","741759",0,0,0.00159813538900231,0
"728","683756",0,0,0.00158017881159779,0
"729","40",0,0,0.00158017881159779,0
"730","40544",0,0,0.00158017881159779,0
"731","165301",0,0,0.00158017881159779,0
"732","2680004",0,0,0.00158017881159779,0
"733","118747",0,0,0.00156222223419327,0
"734","1190",0,0,0.00156222223419327,0
"735","152267",0,0,0.00156222223419327,0
"736","57499",0,0,0.00156222223419327,0
"737","836",0,0,0.00156222223419327,0
"738","1295327",0,0,0.00156222223419327,0
"739","20",0,0,0.00156222223419327,0
"740","393029",0,0,0.00154426565678875,0
"741","84565",0,0,0.00154426565678875,0
"742","85",0,0,0.00154426565678875,0
"743","2767882",0,0,0.00152630907938423,0
"744","67572",0,0,0.00152630907938423,0
"745","59282",0,0,0.00152630907938423,0
"746","33926",0,0,0.00152630907938423,0
"747","2731450",0,0,0.00152630907938423,0
"748","43356",0,0,0.00152630907938423,0
"749","1778601",0,0,0.00152630907938423,0
"750","2801844",0,0,0.00152630907938423,0
"751","12914",0,0,0.00149039592457519,0
"752","2600304",0,0,0.00149039592457519,0
"753","1612157",0,0,0.00149039592457519,0
"754","2023769",0,0,0.00149039592457519,0
"755","221065",0,0,0.00147243934717067,0
"756","2767877",0,0,0.00147243934717067,0
"757","455076",0,0,0.00147243934717067,0
"758","2093783",0,0,0.00147243934717067,0
"759","42837",0,0,0.00145448276976615,0
"760","46238",0,0,0.00145448276976615,0
"761","299566",0,0,0.00145448276976615,0
"762","518733",0,0,0.00143652619236163,0
"763","596707",0,0,0.00143652619236163,0
"764","2582840",0,0,0.00143652619236163,0
"765","34102",0,0,0.00143652619236163,0
"766","53945",0,0,0.00143652619236163,0
"767","171436",0,0,0.00143652619236163,0
"768","352",0,0,0.00143652619236163,0
"769","54066",0,0,0.00141856961495711,0
"770","83612",0,0,0.00141856961495711,0
"771","2800686",0,0,0.00141856961495711,0
"772","178440",0,0,0.00140061303755259,0
"773","637",0,0,0.00140061303755259,0
"774","2815786",0,0,0.00140061303755259,0
"775","2812019",0,0,0.00140061303755259,0
"776","31988",0,0,0.00140061303755259,0
"777","200903",0,0,0.00140061303755259,0
"778","63743",0,0,0.00140061303755259,0
"779","46466",0,0,0.00138265646014807,0
"780","864",0,0,0.00138265646014807,0
"781","33973",0,0,0.00138265646014807,0
"782","168694",0,0,0.00138265646014807,0
"783","288793",0,0,0.00138265646014807,0
"784","283810",0,0,0.00136469988274355,0
"785","459532",0,0,0.00136469988274355,0
"786","201096",0,0,0.00136469988274355,0
"787","2077",0,0,0.00136469988274355,0
"788","34019",0,0,0.00136469988274355,0
"789","28070",0,0,0.00134674330533903,0
"790","2433",0,0,0.00134674330533903,0
"791","2692382",0,0,0.00134674330533903,0
"792","290425",0,0,0.00134674330533903,0
"793","397864",0,0,0.00134674330533903,0
"794","361106",0,0,0.00134674330533903,0
"795","651456",0,0,0.00134674330533903,0
"796","1778653",0,0,0.00134674330533903,0
"797","2795783",0,0,0.00134674330533903,0
"798","336276",0,0,0.00134674330533903,0
"799","2023214",0,0,0.00134674330533903,0
"800","34104",0,0,0.00134674330533903,0
"801","1217416",0,0,0.00134674330533903,0
"802","2766927",0,0,0.00132878672793451,0
"803","359336",0,0,0.00132878672793451,0
"804","157226",0,0,0.00132878672793451,0
"805","unknow.50",0,0,0.00132878672793451,0
"806","1827195",0,0,0.00132878672793451,0
"807","86795",0,0,0.00132878672793451,0
"808","1649495",0,0,0.00132878672793451,0
"809","1125",0,0,0.00132878672793451,0
"810","88138",0,0,0.00132878672793451,0
"811","648802",0,0,0.00132878672793451,0
"812","265570",0,0,0.00132878672793451,0
"813","2795779",0,0,0.00131083015052999,0
"814","471826",0,0,0.00131083015052999,0
"815","169133",0,0,0.00131083015052999,0
"816","1522056",0,0,0.00131083015052999,0
"817","45402",0,0,0.00131083015052999,0
"818","1030",0,0,0.00131083015052999,0
"819","133",0,0,0.00131083015052999,0
"820","160798",0,0,0.00131083015052999,0
"821","53387",0,0,0.00131083015052999,0
"822","2129",0,0,0.00131083015052999,0
"823","795750",0,0,0.00129287357312547,0
"824","1869285",0,0,0.00129287357312547,0
"825","267408",0,0,0.00129287357312547,0
"826","1524214",0,0,0.00129287357312547,0
"827","171163",0,0,0.00129287357312547,0
"828","568394",0,0,0.00127491699572095,0
"829","428711",0,0,0.00127491699572095,0
"830","82986",0,0,0.00127491699572095,0
"831","427922",0,0,0.00127491699572095,0
"832","29526",0,0,0.00127491699572095,0
"833","947525",0,0,0.00127491699572095,0
"834","1163",0,0,0.00127491699572095,0
"835","142577",0,0,0.00127491699572095,0
"836","692606",0,0,0.00127491699572095,0
"837","1964366",0,0,0.00125696041831643,0
"838","73029",0,0,0.00125696041831643,0
"839","1005038",0,0,0.00125696041831643,0
"840","376170",0,0,0.00125696041831643,0
"841","885864",0,0,0.00125696041831643,0
"842","1518149",0,0,0.00125696041831643,0
"843","2237",0,0,0.00125696041831643,0
"844","1643951",0,0,0.00125696041831643,0
"845","45669",0,0,0.00123900384091191,0
"846","1582879",0,0,0.00123900384091191,0
"847","1648497",0,0,0.00123900384091191,0
"848","558016",0,0,0.00123900384091191,0
"849","1068",0,0,0.00123900384091191,0
"850","1755825",0,0,0.00123900384091191,0
"851","1182780",0,0,0.00123900384091191,0
"852","1769726",0,0,0.00123900384091191,0
"853","96492",0,0,0.00123900384091191,0
"854","1348508",0,0,0.00122104726350739,0
"855","2239",0,0,0.00122104726350739,0
"856","33870",0,0,0.00122104726350739,0
"857","2795775",0,0,0.00122104726350739,0
"858","285107",0,0,0.00122104726350739,0
"859","233189",0,0,0.00122104726350739,0
"860","48075",0,0,0.00122104726350739,0
"861","246875",0,0,0.00122104726350739,0
"862","218207",0,0,0.00122104726350739,0
"863","2661818",0,0,0.00122104726350739,0
"864","81461",0,0,0.00122104726350739,0
"865","33055",0,0,0.00122104726350739,0
"866","2705399",0,0,0.00122104726350739,0
"867","102115",0,0,0.00122104726350739,0
"868","1649475",0,0,0.00120309068610287,0
"869","246861",0,0,0.00120309068610287,0
"870","223785",0,0,0.00120309068610287,0
"871","1055688",0,0,0.00120309068610287,0
"872","2778400",0,0,0.00120309068610287,0
"873","73778",0,0,0.00118513410869835,0
"874","2024975",0,0,0.00118513410869835,0
"875","93682",0,0,0.00118513410869835,0
"876","97050",0,0,0.00118513410869835,0
"877","392332",0,0,0.00118513410869835,0
"878","2767878",0,0,0.00118513410869835,0
"879","1961799",0,0,0.00118513410869835,0
"880","556257",0,0,0.00118513410869835,0
"881","1193503",0,0,0.00118513410869835,0
"882","1621534",0,0,0.00118513410869835,0
"883","1855413",0,0,0.00118513410869835,0
"884","630749",0,0,0.00118513410869835,0
"885","2282742",0,0,0.00118513410869835,0
"886","242605",0,0,0.00118513410869835,0
"887","1471399",0,0,0.00116717753129383,0
"888","28186",0,0,0.00116717753129383,0
"889","280472",0,0,0.00116717753129383,0
"890","2351",0,0,0.00116717753129383,0
"891","2422",0,0,0.00116717753129383,0
"892","911",0,0,0.00116717753129383,0
"893","44011",0,0,0.0011492209538893,0
"894","2678886",0,0,0.0011492209538893,0
"895","1860",0,0,0.0011492209538893,0
"896","291988",0,0,0.00113126437648478,0
"897","2518495",0,0,0.00113126437648478,0
"898","1572860",0,0,0.00113126437648478,0
"899","649460",0,0,0.00113126437648478,0
"900","1911549",0,0,0.00113126437648478,0
"901","102231",0,0,0.00113126437648478,0
"902","76890",0,0,0.00113126437648478,0
"903","69474",0,0,0.00113126437648478,0
"904","236752",0,0,0.00113126437648478,0
"905","2295",0,0,0.00113126437648478,0
"906","570266",0,0,0.00113126437648478,0
"907","28067",0,0,0.00111330779908026,0
"908","38501",0,0,0.00111330779908026,0
"909","2782229",0,0,0.00111330779908026,0
"910","2701",0,0,0.00111330779908026,0
"911","1502725",0,0,0.00111330779908026,0
"912","1930845",0,0,0.00111330779908026,0
"913","2691417",0,0,0.00111330779908026,0
"914","44259",0,0,0.00111330779908026,0
"915","81",0,0,0.00111330779908026,0
"916","140458",0,0,0.00111330779908026,0
"917","447237",0,0,0.00111330779908026,0
"918","57494",0,0,0.00109535122167574,0
"919","2786989",0,0,0.00109535122167574,0
"920","58842",0,0,0.00109535122167574,0
"921","577309",0,0,0.00109535122167574,0
"922","393005",0,0,0.00109535122167574,0
"923","1097466",0,0,0.00107739464427122,0
"924","89404",0,0,0.00107739464427122,0
"925","2738399",0,0,0.00107739464427122,0
"926","2807511",0,0,0.00107739464427122,0
"927","13",0,0,0.00107739464427122,0
"928","28100",0,0,0.00107739464427122,0
"929","389486",0,0,0.00107739464427122,0
"930","254250",0,0,0.00107739464427122,0
"931","120961",0,0,0.0010594380668667,0
"932","121871",0,0,0.0010594380668667,0
"933","129957",0,0,0.0010594380668667,0
"934","1706036",0,0,0.0010594380668667,0
"935","204286",0,0,0.0010594380668667,0
"936","1679449",0,0,0.0010594380668667,0
"937","29331",0,0,0.0010594380668667,0
"938","2260",0,0,0.00104148148946218,0
"939","168808",0,0,0.00104148148946218,0
"940","929812",0,0,0.00104148148946218,0
"941","2483368",0,0,0.00104148148946218,0
"942","65047",0,0,0.00104148148946218,0
"943","655184",0,0,0.00104148148946218,0
"944","1705353",0,0,0.00104148148946218,0
"945","1921784",0,0,0.00104148148946218,0
"946","511745",0,0,0.00104148148946218,0
"947","249529",0,0,0.00104148148946218,0
"948","84756",0,0,0.00104148148946218,0
"949","401469",0,0,0.00102352491205766,0
"950","32257",0,0,0.00102352491205766,0
"951","1518147",0,0,0.00102352491205766,0
"952","1142",0,0,0.00102352491205766,0
"953","241421",0,0,0.00102352491205766,0
"954","92944",0,0,0.00102352491205766,0
"955","2044",0,0,0.00102352491205766,0
"956","131079",0,0,0.00102352491205766,0
"957","2321187",0,0,0.00102352491205766,0
"958","511678",0,0,0.00102352491205766,0
"959","1677050",0,0,0.00100556833465314,0
"960","88723",0,0,0.00100556833465314,0
"961","1868332",0,0,0.00100556833465314,0
"962","383614",0,0,0.00100556833465314,0
"963","191291",0,0,0.00100556833465314,0
"964","109262",0,0,0.00100556833465314,0
"965","unknow.51",0,0,0.00100556833465314,0
"966","1055323",0,0,0.00100556833465314,0
"967","1434010",0,0,0.00100556833465314,0
"968","83677",0,0,0.00100556833465314,0
"969","1237",0,0,0.000987611757248621,0
"970","1195526",0,0,0.000987611757248621,0
"971","53357",0,0,0.000987611757248621,0
"972","117999",0,0,0.000987611757248621,0
"973","748770",0,0,0.000987611757248621,0
"974","466152",0,0,0.000987611757248621,0
"975","2807414",0,0,0.000987611757248621,0
"976","375928",0,0,0.000987611757248621,0
"977","351195",0,0,0.000987611757248621,0
"978","51366",0,0,0.000987611757248621,0
"979","257820",0,0,0.000987611757248621,0
"980","2094023",0,0,0.000987611757248621,0
"981","166953",0,0,0.000969655179844101,0
"982","2222",0,0,0.000969655179844101,0
"983","279",0,0,0.000969655179844101,0
"984","187144",0,0,0.000969655179844101,0
"985","1937972",0,0,0.000969655179844101,0
"986","1348911",0,0,0.000969655179844101,0
"987","2813803",0,0,0.000969655179844101,0
"988","278993",0,0,0.000969655179844101,0
"989","1344552",0,0,0.000951698602439581,0
"990","2060084",0,0,0.000951698602439581,0
"991","2767892",0,0,0.000951698602439581,0
"992","1260513",0,0,0.000951698602439581,0
"993","490567",0,0,0.000951698602439581,0
"994","404432",0,0,0.000951698602439581,0
"995","1395974",0,0,0.00093374202503506,0
"996","208447",0,0,0.00093374202503506,0
"997","881616",0,0,0.00093374202503506,0
"998","1205",0,0,0.00093374202503506,0
"999","111500",0,0,0.00093374202503506,0
"1000","273135",0,0,0.00093374202503506,0
"1001","413435",0,0,0.00093374202503506,0
"1002","702",0,0,0.00093374202503506,0
"1003","60892",0,0,0.00093374202503506,0
"1004","262406",0,0,0.00093374202503506,0
"1005","2758906",0,0,0.00093374202503506,0
"1006","230355",0,0,0.00091578544763054,0
"1007","1073987",0,0,0.00091578544763054,0
"1008","2785518",0,0,0.00091578544763054,0
"1009","133193",0,0,0.00091578544763054,0
"1010","1160973",0,0,0.00091578544763054,0
"1011","2795777",0,0,0.00091578544763054,0
"1012","65097",0,0,0.00091578544763054,0
"1013","2795778",0,0,0.00091578544763054,0
"1014","2767327",0,0,0.00091578544763054,0
"1015","472568",0,0,0.00091578544763054,0
"1016","538",0,0,0.00091578544763054,0
"1017","13724",0,0,0.00091578544763054,0
"1018","123",0,0,0.00091578544763054,0
"1019","1648508",0,0,0.00091578544763054,0
"1020","unknow.52",0,0,0.00091578544763054,0
"1021","2233",0,0,0.00091578544763054,0
"1022","129577",0,0,0.00091578544763054,0
"1023","146785",0,0,0.00091578544763054,0
"1024","233191",0,0,0.00091578544763054,0
"1025","2770094",0,0,0.000897828870226019,0
"1026","358023",0,0,0.000897828870226019,0
"1027","1524217",0,0,0.000897828870226019,0
"1028","315393",0,0,0.000897828870226019,0
"1029","1649279",0,0,0.000897828870226019,0
"1030","99479",0,0,0.000897828870226019,0
"1031","529883",0,0,0.000897828870226019,0
"1032","93681",0,0,0.000897828870226019,0
"1033","57739",0,0,0.000897828870226019,0
"1034","427753",0,0,0.000897828870226019,0
"1035","135575",0,0,0.000897828870226019,0
"1036","1107",0,0,0.000879872292821499,0
"1037","453229",0,0,0.000879872292821499,0
"1038","1543704",0,0,0.000879872292821499,0
"1039","1193324",0,0,0.000879872292821499,0
"1040","1906945",0,0,0.000879872292821499,0
"1041","2795776",0,0,0.000879872292821499,0
"1042","93",0,0,0.000879872292821499,0
"1043","1434019",0,0,0.000879872292821499,0
"1044","unknow.53",0,0,0.000879872292821499,0
"1045","2126281",0,0,0.000879872292821499,0
"1046","1203",0,0,0.000879872292821499,0
"1047","1152",0,0,0.000879872292821499,0
"1048","267849",0,0,0.000879872292821499,0
"1049","2035712",0,0,0.000861915715416979,0
"1050","32636",0,0,0.000861915715416979,0
"1051","1934947",0,0,0.000861915715416979,0
"1052","110103",0,0,0.000861915715416979,0
"1053","2425",0,0,0.000861915715416979,0
"1054","1921582",0,0,0.000861915715416979,0
"1055","2175",0,0,0.000861915715416979,0
"1056","326319",0,0,0.000861915715416979,0
"1057","2803845",0,0,0.000861915715416979,0
"1058","2004661",0,0,0.000861915715416979,0
"1059","89583",0,0,0.000861915715416979,0
"1060","203135",0,0,0.000861915715416979,0
"1061","444051",0,0,0.000861915715416979,0
"1062","unknow.54",0,0,0.000861915715416979,0
"1063","238783",0,0,0.000861915715416979,0
"1064","117156",0,0,0.000861915715416979,0
"1065","2293313",0,0,0.000861915715416979,0
"1066","143222",0,0,0.000843959138012458,0
"1067","29574",0,0,0.000843959138012458,0
"1068","1652133",0,0,0.000843959138012458,0
"1069","655352",0,0,0.000843959138012458,0
"1070","1291539",0,0,0.000843959138012458,0
"1071","2767318",0,0,0.000843959138012458,0
"1072","568987",0,0,0.000843959138012458,0
"1073","240411",0,0,0.000843959138012458,0
"1074","1263978",0,0,0.000843959138012458,0
"1075","57495",0,0,0.000843959138012458,0
"1076","unknow.55",0,0,0.000843959138012458,0
"1077","2795781",0,0,0.000843959138012458,0
"1078","327159",0,0,0.000826002560607938,0
"1079","2173039",0,0,0.000826002560607938,0
"1080","2767884",0,0,0.000826002560607938,0
"1081","1826864",0,0,0.000826002560607938,0
"1082","127",0,0,0.000826002560607938,0
"1083","1645",0,0,0.000826002560607938,0
"1084","82982",0,0,0.000826002560607938,0
"1085","274591",0,0,0.000826002560607938,0
"1086","1082930",0,0,0.000826002560607938,0
"1087","367771",0,0,0.000826002560607938,0
"1088","116071",0,0,0.000826002560607938,0
"1089","1653174",0,0,0.000808045983203418,0
"1090","364316",0,0,0.000808045983203418,0
"1091","2276",0,0,0.000808045983203418,0
"1092","1565532",0,0,0.000808045983203418,0
"1093","158481",0,0,0.000808045983203418,0
"1094","28884",0,0,0.000808045983203418,0
"1095","102234",0,0,0.000808045983203418,0
"1096","2755140",0,0,0.000808045983203418,0
"1097","43673",0,0,0.000790089405798897,0
"1098","1172191",0,0,0.000790089405798897,0
"1099","978",0,0,0.000790089405798897,0
"1100","869806",0,0,0.000790089405798897,0
"1101","292486",0,0,0.000790089405798897,0
"1102","186191",0,0,0.000790089405798897,0
"1103","316612",0,0,0.000790089405798897,0
"1104","283168",0,0,0.000790089405798897,0
"1105","752201",0,0,0.000790089405798897,0
"1106","335927",0,0,0.000790089405798897,0
"1107","504090",0,0,0.000790089405798897,0
"1108","unknow.56",0,0,0.000790089405798897,0
"1109","2056",0,0,0.000790089405798897,0
"1110","147067",0,0,0.000790089405798897,0
"1111","2804525",0,0,0.000790089405798897,0
"1112","1209946",0,0,0.000790089405798897,0
"1113","395331",0,0,0.000772132828394377,0
"1114","1911577",0,0,0.000772132828394377,0
"1115","318147",0,0,0.000772132828394377,0
"1116","332162",0,0,0.000772132828394377,0
"1117","unknow.57",0,0,0.000772132828394377,0
"1118","2039639",0,0,0.000772132828394377,0
"1119","85076",0,0,0.000772132828394377,0
"1120","2251",0,0,0.000772132828394377,0
"1121","376469",0,0,0.000772132828394377,0
"1122","1099",0,0,0.000772132828394377,0
"1123","92793",0,0,0.000772132828394377,0
"1124","2700084",0,0,0.000754176250989856,0
"1125","169055",0,0,0.000754176250989856,0
"1126","68288",0,0,0.000754176250989856,0
"1127","2034504",0,0,0.000754176250989856,0
"1128","unknow.58",0,0,0.000754176250989856,0
"1129","2370",0,0,0.000754176250989856,0
"1130","179",0,0,0.000754176250989856,0
"1131","862",0,0,0.000754176250989856,0
"1132","1091138",0,0,0.000754176250989856,0
"1133","1273155",0,0,0.000754176250989856,0
"1134","261963",0,0,0.000754176250989856,0
"1135","34084",0,0,0.000754176250989856,0
"1136","305976",0,0,0.000754176250989856,0
"1137","1649474",0,0,0.000754176250989856,0
"1138","1408194",0,0,0.000754176250989856,0
"1139","377315",0,0,0.000754176250989856,0
"1140","1511648",0,0,0.000754176250989856,0
"1141","935200",0,0,0.000754176250989856,0
"1142","1433986",0,0,0.000754176250989856,0
"1143","2765402",0,0,0.000754176250989856,0
"1144","59",0,0,0.000754176250989856,0
"1145","743714",0,0,0.000754176250989856,0
"1146","984996",0,0,0.000754176250989856,0
"1147","186188",0,0,0.000754176250989856,0
"1148","2058174",0,0,0.000736219673585336,0
"1149","762296",0,0,0.000736219673585336,0
"1150","2055876",0,0,0.000736219673585336,0
"1151","269260",0,0,0.000736219673585336,0
"1152","1827478",0,0,0.000736219673585336,0
"1153","53572",0,0,0.000736219673585336,0
"1154","649461",0,0,0.000736219673585336,0
"1155","2805645",0,0,0.000736219673585336,0
"1156","81682",0,0,0.000736219673585336,0
"1157","75687",0,0,0.000736219673585336,0
"1158","1082702",0,0,0.000736219673585336,0
"1159","70411",0,0,0.000736219673585336,0
"1160","665874",0,0,0.000736219673585336,0
"1161","263510",0,0,0.000736219673585336,0
"1162","1676142",0,0,0.000736219673585336,0
"1163","35812",0,0,0.000736219673585336,0
"1164","682522",0,0,0.000718263096180815,0
"1165","85072",0,0,0.000718263096180815,0
"1166","376488",0,0,0.000718263096180815,0
"1167","2035349",0,0,0.000718263096180815,0
"1168","1433993",0,0,0.000718263096180815,0
"1169","1134403",0,0,0.000718263096180815,0
"1170","110934",0,0,0.000718263096180815,0
"1171","49277",0,0,0.000718263096180815,0
"1172","2789775",0,0,0.000718263096180815,0
"1173","281915",0,0,0.000718263096180815,0
"1174","1773450",0,0,0.000718263096180815,0
"1175","1184606",0,0,0.000700306518776295,0
"1176","379070",0,0,0.000700306518776295,0
"1177","56106",0,0,0.000700306518776295,0
"1178","2823232",0,0,0.000700306518776295,0
"1179","156973",0,0,0.000700306518776295,0
"1180","2698688",0,0,0.000700306518776295,0
"1181","2060722",0,0,0.000700306518776295,0
"1182","2795973",0,0,0.000700306518776295,0
"1183","449972",0,0,0.000700306518776295,0
"1184","441",0,0,0.000700306518776295,0
"1185","1763521",0,0,0.000700306518776295,0
"1186","42054",0,0,0.000700306518776295,0
"1187","417127",0,0,0.000682349941371775,0
"1188","2685927",0,0,0.000682349941371775,0
"1189","458032",0,0,0.000682349941371775,0
"1190","2690160",0,0,0.000682349941371775,0
"1191","202949",0,0,0.000682349941371775,0
"1192","2192",0,0,0.000682349941371775,0
"1193","1830174",0,0,0.000682349941371775,0
"1194","162491",0,0,0.000682349941371775,0
"1195","1484898",0,0,0.000664393363967254,0
"1196","16",0,0,0.000664393363967254,0
"1197","53318",0,0,0.000664393363967254,0
"1198","168470",0,0,0.000664393363967254,0
"1199","120652",0,0,0.000664393363967254,0
"1200","159345",0,0,0.000664393363967254,0
"1201","2019482",0,0,0.000664393363967254,0
"1202","1861863",0,0,0.000664393363967254,0
"1203","1955420",0,0,0.000664393363967254,0
"1204","289244",0,0,0.000664393363967254,0
"1205","1742974",0,0,0.000664393363967254,0
"1206","1649499",0,0,0.000664393363967254,0
"1207","63132",0,0,0.000664393363967254,0
"1208","43947",0,0,0.000664393363967254,0
"1209","1522431",0,0,0.000664393363967254,0
"1210","82980",0,0,0.000664393363967254,0
"1211","1860196",0,0,0.000646436786562734,0
"1212","2792240",0,0,0.000646436786562734,0
"1213","406099",0,0,0.000646436786562734,0
"1214","1907117",0,0,0.000646436786562734,0
"1215","1649482",0,0,0.000646436786562734,0
"1216","458839",0,0,0.000646436786562734,0
"1217","305899",0,0,0.000646436786562734,0
"1218","1080709",0,0,0.000646436786562734,0
"1219","1970191",0,0,0.000646436786562734,0
"1220","2690159",0,0,0.000646436786562734,0
"1221","6",0,0,0.000646436786562734,0
"1222","2029873",0,0,0.000646436786562734,0
"1223","352450",0,0,0.000646436786562734,0
"1224","425",0,0,0.000646436786562734,0
"1225","2045213",0,0,0.000628480209158214,0
"1226","68335",0,0,0.000628480209158214,0
"1227","360528",0,0,0.000628480209158214,0
"1228","2036021",0,0,0.000628480209158214,0
"1229","2078575",0,0,0.000628480209158214,0
"1230","292635",0,0,0.000628480209158214,0
"1231","45989",0,0,0.000628480209158214,0
"1232","929509",0,0,0.000628480209158214,0
"1233","398041",0,0,0.000628480209158214,0
"1234","2225",0,0,0.000610523631753693,0
"1235","388463",0,0,0.000610523631753693,0
"1236","1993653",0,0,0.000610523631753693,0
"1237","1744881",0,0,0.000610523631753693,0
"1238","1004301",0,0,0.000610523631753693,0
"1239","59735",0,0,0.000610523631753693,0
"1240","155977",0,0,0.000610523631753693,0
"1241","396811",0,0,0.000610523631753693,0
"1242","196081",0,0,0.000610523631753693,0
"1243","46200",0,0,0.000610523631753693,0
"1244","58050",0,0,0.000610523631753693,0
"1245","2478349",0,0,0.000610523631753693,0
"1246","1443919",0,0,0.000610523631753693,0
"1247","332102",0,0,0.000592567054349173,0
"1248","41980",0,0,0.000592567054349173,0
"1249","54298",0,0,0.000592567054349173,0
"1250","1902583",0,0,0.000592567054349173,0
"1251","991903",0,0,0.000592567054349173,0
"1252","476528",0,0,0.000592567054349173,0
"1253","2706000",0,0,0.000592567054349173,0
"1254","1231242",0,0,0.000592567054349173,0
"1255","1579506",0,0,0.000592567054349173,0
"1256","2795780",0,0,0.000592567054349173,0
"1257","231683",0,0,0.000592567054349173,0
"1258","256616",0,0,0.000592567054349173,0
"1259","204225",0,0,0.000592567054349173,0
"1260","2709686",0,0,0.000592567054349173,0
"1261","1535231",0,0,0.000592567054349173,0
"1262","316625",0,0,0.000592567054349173,0
"1263","40222",0,0,0.000592567054349173,0
"1264","2813804",0,0,0.000592567054349173,0
"1265","1649468",0,0,0.000592567054349173,0
"1266","1649454",0,0,0.000592567054349173,0
"1267","1608298",0,0,0.000574610476944652,0
"1268","644355",0,0,0.000574610476944652,0
"1269","191301",0,0,0.000574610476944652,0
"1270","1855416",0,0,0.000574610476944652,0
"1271","69655",0,0,0.000574610476944652,0
"1272","1184396",0,0,0.000574610476944652,0
"1273","41201",0,0,0.000574610476944652,0
"1274","119541",0,0,0.000574610476944652,0
"1275","152161",0,0,0.000574610476944652,0
"1276","2576890",0,0,0.000574610476944652,0
"1277","2802288",0,0,0.000574610476944652,0
"1278","1734920",0,0,0.000574610476944652,0
"1279","380738",0,0,0.000574610476944652,0
"1280","2613960",0,0,0.000574610476944652,0
"1281","2811506",0,0,0.000574610476944652,0
"1282","1541445",0,0,0.000574610476944652,0
"1283","1209327",0,0,0.000574610476944652,0
"1284","204456",0,0,0.000574610476944652,0
"1285","1849",0,0,0.000556653899540132,0
"1286","1156568",0,0,0.000556653899540132,0
"1287","1541670",0,0,0.000556653899540132,0
"1288","2211641",0,0,0.000556653899540132,0
"1289","337004",0,0,0.000556653899540132,0
"1290","unknow.59",0,0,0.000556653899540132,0
"1291","754249",0,0,0.000556653899540132,0
"1292","349742",0,0,0.000556653899540132,0
"1293","43988",0,0,0.000556653899540132,0
"1294","541",0,0,0.000556653899540132,0
"1295","32014",0,0,0.000556653899540132,0
"1296","54304",0,0,0.000556653899540132,0
"1297","501783",0,0,0.000556653899540132,0
"1298","196119",0,0,0.000556653899540132,0
"1299","1747770",0,0,0.000556653899540132,0
"1300","268175",0,0,0.000556653899540132,0
"1301","217161",0,0,0.000556653899540132,0
"1302","1335631",0,0,0.000556653899540132,0
"1303","2349",0,0,0.000556653899540132,0
"1304","522",0,0,0.000538697322135612,0
"1305","2025617",0,0,0.000538697322135612,0
"1306","919",0,0,0.000538697322135612,0
"1307","2795782",0,0,0.000538697322135612,0
"1308","96",0,0,0.000538697322135612,0
"1309","2211635",0,0,0.000538697322135612,0
"1310","1649486",0,0,0.000538697322135612,0
"1311","697025",0,0,0.000538697322135612,0
"1312","1234545",0,0,0.000538697322135612,0
"1313","1594166",0,0,0.000538697322135612,0
"1314","1204360",0,0,0.000538697322135612,0
"1315","28236",0,0,0.000538697322135612,0
"1316","2049301",0,0,0.000538697322135612,0
"1317","320496",0,0,0.000538697322135612,0
"1318","76023",0,0,0.000538697322135612,0
"1319","129001",0,0,0.000538697322135612,0
"1320","111830",0,0,0.000538697322135612,0
"1321","29407",0,0,0.000520740744731091,0
"1322","235572",0,0,0.000520740744731091,0
"1323","2723776",0,0,0.000520740744731091,0
"1324","2547964",0,0,0.000520740744731091,0
"1325","1431544",0,0,0.000520740744731091,0
"1326","2778525",0,0,0.000520740744731091,0
"1327","1434018",0,0,0.000520740744731091,0
"1328","1284657",0,0,0.000520740744731091,0
"1329","214906",0,0,0.000520740744731091,0
"1330","1055692",0,0,0.000520740744731091,0
"1331","436357",0,0,0.000520740744731091,0
"1332","1671858",0,0,0.000520740744731091,0
"1333","400947",0,0,0.000520740744731091,0
"1334","697331",0,0,0.000520740744731091,0
"1335","1960084",0,0,0.000520740744731091,0
"1336","232244",0,0,0.000520740744731091,0
"1337","187",0,0,0.000520740744731091,0
"1338","1649466",0,0,0.000502784167326571,0
"1339","1860077",0,0,0.000502784167326571,0
"1340","762641",0,0,0.000502784167326571,0
"1341","2676233",0,0,0.000502784167326571,0
"1342","283735",0,0,0.000502784167326571,0
"1343","28250",0,0,0.000502784167326571,0
"1344","497726",0,0,0.000502784167326571,0
"1345","1745211",0,0,0.000502784167326571,0
"1346","2042066",0,0,0.000502784167326571,0
"1347","545865",0,0,0.000502784167326571,0
"1348","2828338",0,0,0.000502784167326571,0
"1349","156885",0,0,0.000502784167326571,0
"1350","2601574",0,0,0.000502784167326571,0
"1351","768",0,0,0.000502784167326571,0
"1352","230666",0,0,0.000484827589922051,0
"1353","1751872",0,0,0.000484827589922051,0
"1354","unknow.60",0,0,0.000484827589922051,0
"1355","1485594",0,0,0.000484827589922051,0
"1356","846",0,0,0.000484827589922051,0
"1357","1434050",0,0,0.000484827589922051,0
"1358","111782",0,0,0.000484827589922051,0
"1359","286801",0,0,0.000484827589922051,0
"1360","2005380",0,0,0.000484827589922051,0
"1361","2357",0,0,0.000484827589922051,0
"1362","2650549",0,0,0.000484827589922051,0
"1363","85108",0,0,0.000484827589922051,0
"1364","1172428",0,0,0.00046687101251753,0
"1365","75905",0,0,0.00046687101251753,0
"1366","437504",0,0,0.00046687101251753,0
"1367","2250122",0,0,0.00046687101251753,0
"1368","109471",0,0,0.00046687101251753,0
"1369","85073",0,0,0.00046687101251753,0
"1370","2740557",0,0,0.00046687101251753,0
"1371","1676125",0,0,0.00044891443511301,0
"1372","2791118",0,0,0.00044891443511301,0
"1373","2768738",0,0,0.00044891443511301,0
"1374","933",0,0,0.00044891443511301,0
"1375","178469",0,0,0.00044891443511301,0
"1376","200414",0,0,0.00044891443511301,0
"1377","939",0,0,0.00044891443511301,0
"1378","106146",0,0,0.00044891443511301,0
"1379","34067",0,0,0.00044891443511301,0
"1380","1013",0,0,0.00044891443511301,0
"1381","71",0,0,0.00044891443511301,0
"1382","208215",0,0,0.00044891443511301,0
"1383","665568",0,0,0.00044891443511301,0
"1384","1938335",0,0,0.00044891443511301,0
"1385","10803",0,0.000111287377952524,0.000323218393281367,0
"1386","2051044",0,0,0.000430957857708489,0
"1387","1649317",0,0,0.000430957857708489,0
"1388","150203",0,0,0.000430957857708489,0
"1389","2546365",0,0,0.000430957857708489,0
"1390","2692118",0,0,0.000430957857708489,0
"1391","170610",0,0,0.000430957857708489,0
"1392","2607661",0,0,0.000430957857708489,0
"1393","359407",0,0,0.000430957857708489,0
"1394","354354",0,0,0.000430957857708489,0
"1395","1810868",0,0,0.000430957857708489,0
"1396","2678343",0,0,0.000430957857708489,0
"1397","67575",0,0,0.000430957857708489,0
"1398","680287",0,0,0.000430957857708489,0
"1399","573657",0,0,0.000430957857708489,0
"1400","2795377",0,0,0.000430957857708489,0
"1401","907197",0,0,0.000430957857708489,0
"1402","366614",0,0,0.000430957857708489,0
"1403","2004797",0,0,0.000430957857708489,0
"1404","1249016",0,0,0.000430957857708489,0
"1405","28222",0,0,0.000430957857708489,0
"1406","282132",0,0,0.000430957857708489,0
"1407","162291",0,0,0.000430957857708489,0
"1408","1433995",0,0,0.000413001280303969,0
"1409","44474",0,0,0.000413001280303969,0
"1410","45662",0,0,0.000413001280303969,0
"1411","1445504",0,0,0.000413001280303969,0
"1412","527198",0,0,0.000413001280303969,0
"1413","168657",0,0,0.000413001280303969,0
"1414","2709685",0,0,0.000413001280303969,0
"1415","225143",0,0,0.000413001280303969,0
"1416","1048757",0,0,0.000413001280303969,0
"1417","1551504",0,0,0.000413001280303969,0
"1418","1906661",0,0,0.000413001280303969,0
"1419","2822410",0,0,0.000413001280303969,0
"1420","1070314",0,0,0.000413001280303969,0
"1421","332951",0,0,0.000413001280303969,0
"1422","423604",0,0,0.000413001280303969,0
"1423","2795692",0,0,0.000413001280303969,0
"1424","1682492",0,0,0.000413001280303969,0
"1425","1915401",0,0,0.000413001280303969,0
"1426","2033601",0,0,0.000413001280303969,0
"1427","332246",0,0,0.000413001280303969,0
"1428","114185",0,0,0.000413001280303969,0
"1429","35798",0,0,0.000413001280303969,0
"1430","54260",0,0,0.000395044702899449,0
"1431","39773",0,0,0.000395044702899449,0
"1432","2800682",0,0,0.000395044702899449,0
"1433","232523",0,0,0.000395044702899449,0
"1434","745410",0,0,0.000395044702899449,0
"1435","299261",0,0,0.000395044702899449,0
"1436","2810357",0,0,0.000395044702899449,0
"1437","281119",0,0,0.000395044702899449,0
"1438","145260",0,0,0.000395044702899449,0
"1439","188905",0,0,0.000395044702899449,0
"1440","2732587",0,0,0.000395044702899449,0
"1441","332248",0,0,0.000395044702899449,0
"1442","1981050",0,0,0.000395044702899449,0
"1443","1654931",0,0,0.000395044702899449,0
"1444","112987",0,0,0.000395044702899449,0
"1445","379546",0,0,0.000377088125494928,0
"1446","252306",0,0,0.000377088125494928,0
"1447","57479",0,0,0.000377088125494928,0
"1448","1862",0,0,0.000377088125494928,0
"1449","2796146",0,0,0.000377088125494928,0
"1450","2714592",0,0,0.000377088125494928,0
"1451","1381133",0,0,0.000377088125494928,0
"1452","411566",0,0,0.000377088125494928,0
"1453","2824158",0,0,0.000377088125494928,0
"1454","338321",0,0,0.000377088125494928,0
"1455","1649480",0,0,0.000377088125494928,0
"1456","442430",0,0,0.000377088125494928,0
"1457","1407056",0,0,0.000377088125494928,0
"1458","1546255",0,0,0.000377088125494928,0
"1459","2314",0,0,0.000377088125494928,0
"1460","56358",0,0,0.000377088125494928,0
"1461","1897649",0,0,0.000377088125494928,0
"1462","1738655",0,0,0.000377088125494928,0
"1463","1021",0,0,0.000377088125494928,0
"1464","401618",0,0,0.000377088125494928,0
"1465","378210",0,0,0.000359131548090408,0
"1466","908935",0,0,0.000359131548090408,0
"1467","409304",0,0,0.000359131548090408,0
"1468","64159",0,0,0.000359131548090408,0
"1469","241192",0,0,0.000359131548090408,0
"1470","599651",0,0,0.000359131548090408,0
"1471","213485",0,0,0.000359131548090408,0
"1472","1075398",0,0,0.000359131548090408,0
"1473","10242",0,0,0.000359131548090408,0
"1474","1927833",0,0,0.000359131548090408,0
"1475","2028344",0,0,0.000359131548090408,0
"1476","1406135",0,0,0.000359131548090408,0
"1477","49894",0,0,0.000359131548090408,0
"1478","28048",0,0,0.000359131548090408,0
"1479","2608728",0,0,0.000359131548090408,0
"1480","1524249",0,0,0.000359131548090408,0
"1481","343334",0,0,0.000359131548090408,0
"1482","1007",0,0,0.000359131548090408,0
"1483","2172100",0,0,0.000359131548090408,0
"1484","1918598",0,0,0.000341174970685887,0
"1485","2772198",0,0,0.000341174970685887,0
"1486","81466",0,0,0.000341174970685887,0
"1487","196136",0,0,0.000341174970685887,0
"1488","2717",0,0,0.000341174970685887,0
"1489","2603321",0,0,0.000341174970685887,0
"1490","2321",0,0,0.000341174970685887,0
"1491","109168",0,0,0.000341174970685887,0
"1492","1593364",0,0,0.000341174970685887,0
"1493","1747777",0,0,0.000341174970685887,0
"1494","1436289",0,0,0.000341174970685887,0
"1495","1844015",0,0,0.000341174970685887,0
"1496","74032",0,0,0.000341174970685887,0
"1497","1033",0,0,0.000341174970685887,0
"1498","1542963",0,0,0.000341174970685887,0
"1499","465",0,0,0.000341174970685887,0
"1500","254245",0,0,0.000341174970685887,0
"1501","2179",0,0,0.000341174970685887,0
"1502","1874621",0,0,0.000341174970685887,0
"1503","1007082",0,0,0.000323218393281367,0
"1504","216431",0,0,0.000323218393281367,0
"1505","1649510",0,0,0.000323218393281367,0
"1506","1230698",0,0,0.000323218393281367,0
"1507","53634",0,0,0.000323218393281367,0
"1508","1649490",0,0,0.000323218393281367,0
"1509","2760873",0,0,0.000323218393281367,0
"1510","393661",0,0,0.000323218393281367,0
"1511","244698",0,0,0.000323218393281367,0
"1512","141450",0,0,0.000323218393281367,0
"1513","334107",0,0,0.000323218393281367,0
"1514","2828366",0,0,0.000323218393281367,0
"1515","1492710",0,0,0.000323218393281367,0
"1516","2795605",0,0,0.000323218393281367,0
"1517","2723",0,0,0.000323218393281367,0
"1518","90243",0,0,0.000323218393281367,0
"1519","162171",0,0,0.000323218393281367,0
"1520","745364",0,0,0.000323218393281367,0
"1521","13034",0,0,0.000323218393281367,0
"1522","323413",0,0,0.000323218393281367,0
"1523","2678529",0,0,0.000323218393281367,0
"1524","294702",0,0,0.000323218393281367,0
"1525","82984",0,0,0.000305261815876847,0
"1526","180541",0,0,0.000305261815876847,0
"1527","558017",0,0,0.000305261815876847,0
"1528","188910",0,0,0.000305261815876847,0
"1529","2713",0,0,0.000305261815876847,0
"1530","157591",0,0,0.000305261815876847,0
"1531","83551",0,0,0.000305261815876847,0
"1532","2202",0,0,0.000305261815876847,0
"1533","346096",0,0,0.000305261815876847,0
"1534","2233801",0,0,0.000305261815876847,0
"1535","444459",0,0,0.000305261815876847,0
"1536","35823",0,0,0.000305261815876847,0
"1537","2803301",0,0,0.000305261815876847,0
"1538","1079922",0,0,0.000305261815876847,0
"1539","1509243",0,0,0.000305261815876847,0
"1540","2303528",0,0,0.000305261815876847,0
"1541","164450",0,0,0.000305261815876847,0
"1542","1654741",0,0,0.000305261815876847,0
"1543","580596",0,0,0.000305261815876847,0
"1544","33993",0,0,0.000305261815876847,0
"1545","461",0,0,0.000305261815876847,0
"1546","2781120",0,0,0.000305261815876847,0
"1547","685950",0,0,0.000305261815876847,0
"1548","515417",0,0,0.000305261815876847,0
"1549","1054211",0,0,0.000305261815876847,0
"1550","267986",0,0,0.000305261815876847,0
"1551","986106",0,0,0.000305261815876847,0
"1552","74968",0,0,0.000287305238472326,0
"1553","295595",0,0,0.000287305238472326,0
"1554","72173",0,0,0.000287305238472326,0
"1555","2795865",0,0,0.000287305238472326,0
"1556","74317",0,0,0.000287305238472326,0
"1557","44471",0,0,0.000287305238472326,0
"1558","2795774",0,0,0.000287305238472326,0
"1559","10260",0,0,0.000287305238472326,0
"1560","1926259",0,0,0.000287305238472326,0
"1561","155862",0,0,0.000287305238472326,0
"1562","456826",0,0,0.000287305238472326,0
"1563","2816884",0,0,0.000287305238472326,0
"1564","265488",0,0,0.000287305238472326,0
"1565","100715",0,0,0.000287305238472326,0
"1566","1400386",0,0,0.000287305238472326,0
"1567","404",0,0,0.000269348661067806,0
"1568","319458",0,0,0.000269348661067806,0
"1569","10286",0,0,0.000269348661067806,0
"1570","1602345",0,0,0.000269348661067806,0
"1571","1825023",0,0,0.000269348661067806,0
"1572","658061",0,0,0.000269348661067806,0
"1573","1287916",0,0,0.000269348661067806,0
"1574","101191",0,0,0.000269348661067806,0
"1575","2045416",0,0,0.000269348661067806,0
"1576","84162",0,0,0.000269348661067806,0
"1577","2715289",0,0,0.000269348661067806,0
"1578","2560196",0,0,0.000269348661067806,0
"1579","76833",0,0,0.000269348661067806,0
"1580","387095",0,0,0.000251392083663285,0
"1581","1188227",0,0,0.000251392083663285,0
"1582","693074",0,0,0.000251392083663285,0
"1583","309512",0,0,0.000251392083663285,0
"1584","181084",0,0,0.000251392083663285,0
"1585","1229970",0,0,0.000251392083663285,0
"1586","181083",0,0,0.000251392083663285,0
"1587","2800681",0,0,0.000251392083663285,0
"1588","2714594",0,0,0.000251392083663285,0
"1589","2319",0,0,0.000251392083663285,0
"1590","2680021",0,0,0.000251392083663285,0
"1591","307628",0,0,0.000251392083663285,0
"1592","252301",0,0,0.000251392083663285,0
"1593","134813",0,0,0.000233435506258765,0
"1594","2811380",0,0,0.000233435506258765,0
"1595","336260",0,0,0.000233435506258765,0
"1596","261825",0,0,0.000233435506258765,0
"1597","1521255",0,0,0.000233435506258765,0
"1598","204619",0,0,0.000233435506258765,0
"1599","286130",0,0,0.000233435506258765,0
"1600","54258",0,0,0.000233435506258765,0
"1601","2738850",0,0,0.000233435506258765,0
"1602","2712688",0,0,0.000233435506258765,0
"1603","60846",0,0,0.000233435506258765,0
"1604","2115980",0,0,0.000233435506258765,0
"1605","1077265",0,0,0.000233435506258765,0
"1606","1520333",0,0,0.000233435506258765,0
"1607","2733175",0,0,0.000233435506258765,0
"1608","288021",0,0,0.000233435506258765,0
"1609","188143",0,0,0.000233435506258765,0
"1610","2733128",0,0,0.000233435506258765,0
"1611","146784",0,0,0.000233435506258765,0
"1612","2676247",0,0,0.000233435506258765,0
"1613","1847725",0,0,0.000233435506258765,0
"1614","63742",0,0,0.000233435506258765,0
"1615","1084558",0,0,0.000233435506258765,0
"1616","2270",0,0,0.000233435506258765,0
"1617","444090",0,0,0.000215478928854245,0
"1618","1433997",0,0,0.000215478928854245,0
"1619","1692042",0,0,0.000215478928854245,0
"1620","1193515",0,0,0.000215478928854245,0
"1621","1649463",0,0,0.000215478928854245,0
"1622","1808977",0,0,0.000215478928854245,0
"1623","1209988",0,0,0.000215478928854245,0
"1624","2733096",0,0,0.000215478928854245,0
"1625","2661800",0,0,0.000215478928854245,0
"1626","1434032",0,0,0.000215478928854245,0
"1627","1269201",0,0,0.000215478928854245,0
"1628","469322",0,0,0.000215478928854245,0
"1629","499",0,0,0.000215478928854245,0
"1630","187213",0,0,0.000215478928854245,0
"1631","1075397",0,0,0.000197522351449724,0
"1632","314343",0,0,0.000197522351449724,0
"1633","182899",0,0,0.000197522351449724,0
"1634","2571159",0,0,0.000197522351449724,0
"1635","258255",0,0,0.000197522351449724,0
"1636","2768684",0,0,0.000197522351449724,0
"1637","2603324",0,0,0.000197522351449724,0
"1638","379068",0,0,0.000197522351449724,0
"1639","119044",0,0,0.000197522351449724,0
"1640","155493",0,0,0.000197522351449724,0
"1641","1443590",0,0,0.000197522351449724,0
"1642","1573407",0,0,0.000197522351449724,0
"1643","1472344",0,0,0.000197522351449724,0
"1644","153497",0,0,0.000197522351449724,0
"1645","532",0,0,0.000197522351449724,0
"1646","84404",0,0,0.000197522351449724,0
"1647","2256",0,0,0.000197522351449724,0
"1648","33073",0,0,0.000197522351449724,0
"1649","370735",0,0,0.000197522351449724,0
"1650","264688",0,0,0.000197522351449724,0
"1651","2038",0,0,0.000197522351449724,0
"1652","1579315",0,0,0.000197522351449724,0
"1653","2279",0,0,0.000197522351449724,0
"1654","2100760",0,0,0.000197522351449724,0
"1655","91914",0,0,0.000179565774045204,0
"1656","2017961",0,0,0.000179565774045204,0
"1657","2707020",0,0,0.000179565774045204,0
"1658","1914449",0,0,0.000179565774045204,0
"1659","744724",0,0,0.000179565774045204,0
"1660","843",0,0,0.000179565774045204,0
"1661","2767874",0,0,0.000179565774045204,0
"1662","1649479",0,0,0.000179565774045204,0
"1663","1644057",0,0,0.000179565774045204,0
"1664","1283313",0,0,0.000179565774045204,0
"1665","2613912",0,0,0.000179565774045204,0
"1666","1911573",0,0,0.000179565774045204,0
"1667","112040",0,0,0.000179565774045204,0
"1668","1755829",0,0,0.000179565774045204,0
"1669","187492",0,0,0.000179565774045204,0
"1670","41674",0,0,0.000179565774045204,0
"1671","77021",0,0,0.000179565774045204,0
"1672","1882917",0,0,0.000179565774045204,0
"1673","1513234",0,0,0.000179565774045204,0
"1674","767891",0,0,0.000161609196640684,0
"1675","1940138",0,0,0.000161609196640684,0
"1676","46631",0,0,0.000161609196640684,0
"1677","71666",0,0,0.000161609196640684,0
"1678","171868",0,0,0.000161609196640684,0
"1679","81416",0,0,0.000161609196640684,0
"1680","1759331",0,0,0.000161609196640684,0
"1681","2733158",0,0,0.000161609196640684,0
"1682","1980513",0,0,0.000161609196640684,0
"1683","2302",0,0,0.000161609196640684,0
"1684","2709666",0,0,0.000161609196640684,0
"1685","2268",0,0,0.000161609196640684,0
"1686","1980938",0,0,0.000161609196640684,0
"1687","2601651",0,0,0.000161609196640684,0
"1688","1759396",0,0,0.000161609196640684,0
"1689","1804663",0,0,0.000161609196640684,0
"1690","1769718",0,0,0.000161609196640684,0
"1691","10491",0,0,0.000161609196640684,0
"1692","2733127",0,0,0.000161609196640684,0
"1693","2560128",0,0,0.000161609196640684,0
"1694","1537406",0,0,0.000161609196640684,0
"1695","2220",0,0,0.000161609196640684,0
"1696","412592",0,0,0.000143652619236163,0
"1697","10319",0,0,0.000143652619236163,0
"1698","1623306",0,0,0.000143652619236163,0
"1699","475087",0,0,0.000143652619236163,0
"1700","1433402",0,0,0.000143652619236163,0
"1701","472825",0,0,0.000143652619236163,0
"1702","2733124",0,0,0.000143652619236163,0
"1703","498845",0,0,0.000143652619236163,0
"1704","623276",0,0,0.000143652619236163,0
"1705","1073986",0,0,0.000143652619236163,0
"1706","105850",0,0,0.000143652619236163,0
"1707","2733104",0,0,0.000143652619236163,0
"1708","12304",0,8.34655334643928e-05,5.38697322135612e-05,0
"1709","194195",0,0,0.000125696041831643,0
"1710","190818",0,0,0.000125696041831643,0
"1711","387342",0,0,0.000125696041831643,0
"1712","181086",0,0,0.000125696041831643,0
"1713","34093",0,0,0.000125696041831643,0
"1714","39743",0,0,0.000125696041831643,0
"1715","196080",0,0,0.000125696041831643,0
"1716","453161",0,0,0.000107739464427122,0
"1717","59195",0,0,0.000107739464427122,0
"1718","1078904",0,0,0.000107739464427122,0
"1719","353799",0,0,0.000107739464427122,0
"1720","2732968",0,0,0.000107739464427122,0
"1721","1982251",0,0,0.000107739464427122,0
"1722","447467",0,0,0.000107739464427122,0
"1723","1331051",0,0,0.000107739464427122,0
"1724","2308",0,0,0.000107739464427122,0
"1725","1980514",0,0,0.000107739464427122,0
"1726","2560094",0,0,0.000107739464427122,0
"1727","303379",0,0,0.000107739464427122,0
"1728","1623281",0,0,0.000107739464427122,0
"1729","10282",0,0,0.000107739464427122,0
"1730","2273",0,0,0.000107739464427122,0
"1731","2733297",0,0,0.000107739464427122,0
"1732","2732017",0,0,0.000107739464427122,0
"1733","1802983",0,0,0.000107739464427122,0
"1734","203193",0,0,0.000107739464427122,0
"1735","56635",0,0,0.000107739464427122,0
"1736","230494",0,0,8.97828870226019e-05,0
"1737","528",0,0,8.97828870226019e-05,0
"1738","134550",0,0,8.97828870226019e-05,0
"1739","2733208",0,0,8.97828870226019e-05,0
"1740","548689",0,0,8.97828870226019e-05,0
"1741","2490204",0,0,8.97828870226019e-05,0
"1742","29287",0,0,8.97828870226019e-05,0
"1743","51228",0,0,8.97828870226019e-05,0
"1744","1906659",0,0,8.97828870226019e-05,0
"1745","2732969",0,0,8.97828870226019e-05,0
"1746","645516",0,0,8.97828870226019e-05,0
"1747","1906657",0,0,8.97828870226019e-05,0
"1748","1298630",0,0,8.97828870226019e-05,0
"1749","1198137",0,0,8.97828870226019e-05,0
"1750","1198140",0,0,8.97828870226019e-05,0
"1751","2733302",0,0,8.97828870226019e-05,0
"1752","10294",0,0,8.97828870226019e-05,0
"1753","2800685",0,0,8.97828870226019e-05,0
"1754","10663",0,0,8.97828870226019e-05,0
"1755","54253",0,0,7.18263096180816e-05,0
"1756","70774",0,0,7.18263096180816e-05,0
"1757","1176327",0,0,7.18263096180816e-05,0
"1758","11646",0,0,7.18263096180816e-05,0
"1759","1453359",0,0,7.18263096180816e-05,0
"1760","1913653",0,0,7.18263096180816e-05,0
"1761","558018",0,0,7.18263096180816e-05,0
"1762","2560156",0,0,7.18263096180816e-05,0
"1763","10509",0,0,7.18263096180816e-05,0
"1764","1857843",0,0,7.18263096180816e-05,0
"1765","477695",0,0,7.18263096180816e-05,0
"1766","76886",0,0,7.18263096180816e-05,0
"1767","67753",0,0,7.18263096180816e-05,0
"1768","1302410",0,0,7.18263096180816e-05,0
"1769","1918721",0,0,7.18263096180816e-05,0
"1770","83867",0,0,7.18263096180816e-05,0
"1771","10814",0,0,7.18263096180816e-05,0
"1772","1980936",0,0,7.18263096180816e-05,0
"1773","2781121",0,0,7.18263096180816e-05,0
"1774","1910931",0,0,7.18263096180816e-05,0
"1775","244599",0,0,7.18263096180816e-05,0
"1776","1636617",0,0,7.18263096180816e-05,0
"1777","12195",0,0,7.18263096180816e-05,0
"1778","2733161",0,0,5.38697322135612e-05,0
"1779","2733101",0,0,5.38697322135612e-05,0
"1780","2733296",0,0,5.38697322135612e-05,0
"1781","12091",0,0,5.38697322135612e-05,0
"1782","662756",0,0,5.38697322135612e-05,0
"1783","10552",0,0,5.38697322135612e-05,0
"1784","1978532",0,0,5.38697322135612e-05,0
"1785","1843185",0,0,5.38697322135612e-05,0
"1786","1982879",0,0,5.38697322135612e-05,0
"1787","2560176",0,0,5.38697322135612e-05,0
"1788","2733125",0,0,5.38697322135612e-05,0
"1789","573055",0,0,5.38697322135612e-05,0
"1790","1982106",0,0,5.38697322135612e-05,0
"1791","2715734",0,0,5.38697322135612e-05,0
"1792","186764",0,0,5.38697322135612e-05,0
"1793","1299306",0,0,5.38697322135612e-05,0
"1794","2560107",0,0,5.38697322135612e-05,0
"1795","54251",0,0,5.38697322135612e-05,0
"1796","2733097",0,0,5.38697322135612e-05,0
"1797","153057",0,0,5.38697322135612e-05,0
"1798","1623305",0,0,5.38697322135612e-05,0
"1799","180252",0,0,5.38697322135612e-05,0
"1800","2827482",0,0,5.38697322135612e-05,0
"1801","54247",0,0,5.38697322135612e-05,0
"1802","1920860",0,0,5.38697322135612e-05,0
"1803","1759417",0,0,5.38697322135612e-05,0
"1804","1891713",0,0,5.38697322135612e-05,0
"1805","558019",0,0,5.38697322135612e-05,0
"1806","2733109",0,0,5.38697322135612e-05,0
"1807","2705406",0,0,5.38697322135612e-05,0
"1808","2808942",0,0,5.38697322135612e-05,0
"1809","1903858",0,0,5.38697322135612e-05,0
"1810","62098",0,0,5.38697322135612e-05,0
"1811","10487",0,0,5.38697322135612e-05,0
"1812","1917990",0,0,5.38697322135612e-05,0
"1813","333921",0,0,3.59131548090408e-05,0
"1814","2817383",0,0,3.59131548090408e-05,0
"1815","43680",0,0,3.59131548090408e-05,0
"1816","1912144",0,0,3.59131548090408e-05,0
"1817","2560121",0,0,3.59131548090408e-05,0
"1818","1980922",0,0,3.59131548090408e-05,0
"1819","1983744",0,0,3.59131548090408e-05,0
"1820","1884456",0,0,3.59131548090408e-05,0
"1821","2169641",0,0,3.59131548090408e-05,0
"1822","1857844",0,0,3.59131548090408e-05,0
"1823","1653394",0,0,3.59131548090408e-05,0
"1824","1857845",0,0,3.59131548090408e-05,0
"1825","2560161",0,0,3.59131548090408e-05,0
"1826","153135",0,0,3.59131548090408e-05,0
"1827","10882",0,0,3.59131548090408e-05,0
"1828","2601645",0,0,3.59131548090408e-05,0
"1829","2560132",0,0,3.59131548090408e-05,0
"1830","548687",0,0,3.59131548090408e-05,0
"1831","2733150",0,0,3.59131548090408e-05,0
"1832","1982152",0,0,3.59131548090408e-05,0
"1833","129876",0,0,3.59131548090408e-05,0
"1834","10358",0,0,3.59131548090408e-05,0
"1835","2733214",0,0,3.59131548090408e-05,0
"1836","2733155",0,0,3.59131548090408e-05,0
"1837","1511854",0,0,3.59131548090408e-05,0
"1838","333750",0,0,3.59131548090408e-05,0
"1839","1636618",0,0,3.59131548090408e-05,0
"1840","11572",0,0,3.59131548090408e-05,0
"1841","2169624",0,0,3.59131548090408e-05,0
"1842","2560220",0,0,3.59131548090408e-05,0
"1843","2732971",0,0,3.59131548090408e-05,0
"1844","2733301",0,0,3.59131548090408e-05,0
"1845","293431",0,0,3.59131548090408e-05,0
"1846","1985720",0,0,3.59131548090408e-05,0
"1847","10265",0,0,3.59131548090408e-05,0
"1848","1223423",0,0,3.59131548090408e-05,0
"1849","1980921",0,0,3.59131548090408e-05,0
"1850","2560228",0,0,3.59131548090408e-05,0
"1851","2733095",0,0,3.59131548090408e-05,0
"1852","2560180",0,0,3.59131548090408e-05,0
"1853","1513458",0,0,3.59131548090408e-05,0
"1854","2733110",0,0,3.59131548090408e-05,0
"1855","2093823",0,0,3.59131548090408e-05,0
"1856","2169623",0,0,3.59131548090408e-05,0
"1857","2560096",0,0,3.59131548090408e-05,0
"1858","2732693",0,0,1.79565774045204e-05,0
"1859","2560215",0,0,1.79565774045204e-05,0
"1860","1913651",0,0,1.79565774045204e-05,0
"1861","10861",0,0,1.79565774045204e-05,0
"1862","2560109",0,0,1.79565774045204e-05,0
"1863","2560253",0,0,1.79565774045204e-05,0
"1864","2560165",0,0,1.79565774045204e-05,0
"1865","2560210",0,0,1.79565774045204e-05,0
"1866","1431456",0,0,1.79565774045204e-05,0
"1867","2560146",0,0,1.79565774045204e-05,0
"1868","12163",0,0,1.79565774045204e-05,0
"1869","1913652",0,0,1.79565774045204e-05,0
"1870","1985329",0,0,1.79565774045204e-05,0
"1871","2733137",0,0,1.79565774045204e-05,0
"1872","2732913",0,0,1.79565774045204e-05,0
"1873","2731972",0,0,1.79565774045204e-05,0
"1874","2560187",0,0,1.79565774045204e-05,0
"1875","11229",0,0,1.79565774045204e-05,0
"1876","2733216",0,0,1.79565774045204e-05,0
"1877","1921016",0,0,1.79565774045204e-05,0
"1878","2733182",0,0,1.79565774045204e-05,0
"1879","10270",0,0,1.79565774045204e-05,0
"1880","1623276",0,0,1.79565774045204e-05,0
"1881","2731940",0,0,1.79565774045204e-05,0
"1882","2560123",0,0,1.79565774045204e-05,0
"1883","2560201",0,0,1.79565774045204e-05,0
"1884","2596745",0,0,1.79565774045204e-05,0
"1885","2733130",0,0,1.79565774045204e-05,0
"1886","1623289",0,0,1.79565774045204e-05,0
"1887","39725",0,0,1.79565774045204e-05,0
"1888","2733103",0,0,1.79565774045204e-05,0
"1889","10379",0,0,1.79565774045204e-05,0
"1890","680114",0,0,1.79565774045204e-05,0
"1891","2169612",0,0,1.79565774045204e-05,0
"1892","1312873",0,0,1.79565774045204e-05,0
"1893","1922327",0,0,1.79565774045204e-05,0
"1894","232799",0,0,1.79565774045204e-05,0
"1895","2733203",0,0,1.79565774045204e-05,0
"1896","1982745",0,0,1.79565774045204e-05,0
"1897","548688",0,0,1.79565774045204e-05,0
"1898","1100891",0,0,1.79565774045204e-05,0
"1899","1656823",0,0,1.79565774045204e-05,0
"1900","1906660",0,0,1.79565774045204e-05,0
"1901","2560131",0,0,1.79565774045204e-05,0
"1902","1982566",0,0,1.79565774045204e-05,0
"1903","2560213",0,0,1.79565774045204e-05,0
"1904","2560143",0,0,1.79565774045204e-05,0
"1905","1511804",0,0,1.79565774045204e-05,0
"1906","10375",0,0,1.79565774045204e-05,0
"1907","2732018",0,0,1.79565774045204e-05,0
"1908","1985692",0,0,1.79565774045204e-05,0
"1909","1299307",0,0,1.79565774045204e-05,0
"1910","2733172",0,0,1.79565774045204e-05,0
"1911","2733183",0,0,1.79565774045204e-05,0
"1912","1623302",0,0,1.79565774045204e-05,0
"1913","10494",0,0,1.79565774045204e-05,0
"1914","186536",0,0,1.79565774045204e-05,0
"1915","140052",0,0,1.79565774045204e-05,0
"1916","2733115",0,0,1.79565774045204e-05,0
"1917","1922209",0,0,1.79565774045204e-05,0
"1918","1623278",0,0,1.79565774045204e-05,0
"1919","2731936",0,0,1.79565774045204e-05,0
"1920","2733198",0,0,1.79565774045204e-05,0
"1921","680194",0,0,1.79565774045204e-05,0
"1922","12289",0,0,1.79565774045204e-05,0
"1923","2732677",0,0,1.79565774045204e-05,0
"1924","2731985",0,0,1.79565774045204e-05,0
"1925","1299308",0,0,1.79565774045204e-05,0
"1926","1982367",0,0,1.79565774045204e-05,0
"1927","2733160",0,0,1.79565774045204e-05,0
"1928","1513241",0,0,1.79565774045204e-05,0
"1929","2733171",0,0,1.79565774045204e-05,0
"1930","11102",0,0,1.79565774045204e-05,0
"1931","2003395",0,0,1.79565774045204e-05,0
"1932","2560160",0,0,1.79565774045204e-05,0
"1933","11271",0,0,1.79565774045204e-05,0
"1934","11584",0,0,1.79565774045204e-05,0
"1935","2733201",0,0,1.79565774045204e-05,0
"1936","1925779",0,0,1.79565774045204e-05,0
"1937","1922243",0,0,1.79565774045204e-05,0
"1938","680115",0,0,1.79565774045204e-05,0
"1939","2733192",0,0,1.79565774045204e-05,0
"1940","1285591",0,0,1.79565774045204e-05,0
"1941","2733195",0,0,1.79565774045204e-05,0
"1942","1159901",0,0,1.79565774045204e-05,0
"1943","1982218",0,0,1.79565774045204e-05,0
"1944","2560207",0,0,1.79565774045204e-05,0
"1945","1984776",0,0,1.79565774045204e-05,0
"1946","2733111",0,0,1.79565774045204e-05,0
"1947","1918010",0,0,1.79565774045204e-05,0
"1948","2560189",0,0,1.79565774045204e-05,0
"1949","2732965",0,0,1.79565774045204e-05,0
"1950","1914165",0,0,1.79565774045204e-05,0
"1951","2733294",0,0,1.79565774045204e-05,0
"1952","2733129",0,0,1.79565774045204e-05,0
"1953","2733134",0,0,1.79565774045204e-05,0
"1954","2733188",0,0,1.79565774045204e-05,0
"1955","2731988",0,0,1.79565774045204e-05,0
"1956","869",0,0,1.79565774045204e-05,0
"1957","40272",0,0,1.79565774045204e-05,0
"1958","1805626",0,0,1.79565774045204e-05,0
"1959","2733119",0,0,1.79565774045204e-05,0
"1960","1918725",0,0,1.79565774045204e-05,0
"1961","1982880",0,0,1.79565774045204e-05,0
"1962","2560130",0,0,1.79565774045204e-05,0
"1963","1911929",0,0,1.79565774045204e-05,0
"1964","28905",0,0,1.79565774045204e-05,0
"1965","1985292",0,0,1.79565774045204e-05,0
"1966","2733090",0,0,1.79565774045204e-05,0
"1967","10257",0,0,1.79565774045204e-05,0
"1968","1920774",0,0,1.79565774045204e-05,0
"1969","2560127",0,0,1.79565774045204e-05,0
"1970","95337",0,0,1.79565774045204e-05,0
"1971","1623295",0,0,1.79565774045204e-05,0
"1972","260964",0,0,1.79565774045204e-05,0
"1973","2560202",0,0,1.79565774045204e-05,0
"1974","1984788",0,0,1.79565774045204e-05,0
"1975","687336",0,0,1.79565774045204e-05,0
"1976","1921709",0,0,1.79565774045204e-05,0
"1977","2560086",0,0,1.79565774045204e-05,0
"1978","1607807",0,0,1.79565774045204e-05,0
